File,ground_truth,Ourmodel,Original_ID
02000010001_chunk_019.wav,और सामने जो मुझे दिख रही हैं,और सामने ज मुझे दिख रही ै,0
02000010001_chunk_028.wav,तो ये,तो ये,1
02000010001_chunk_032.wav,लाइन में रो में बड़े बड़े पड़े हुए हैं,लाइन में रो में बड़े बड़े पेड़ पड़े हू,2
02000010001_chunk_062.wav,इसका ये,,3
02000010001_chunk_079.wav,सर्दियों में खूब अच्छे से पीला फूल देगी,सर्दियों में खूब अच्छे से पीला फूल देगी,4
02000010001_chunk_102.wav,मुझे ये पर्सनली ये साइज काफी अच्छा लगता है,मुझे ये पर्सनली ये साइज काफी अच्छा लगता है,5
02000010001_chunk_241.wav,ये मैं पेंट जो मेरे छत का पेंट का कलर मैं चूज़ करती हूं वो कराती रहती हूं पहले ये पैरेंट ग्रीन थे अबी होगा और उससे क्या होता है,ये मैं पेंट जो मेरे छत का पेंट का कलर में चूज करती हू वो कराती रहती हूं पहले ये पैरेट ग्रीन थे अभी होगए और उससे क्या,6
02000010001_chunk_241.wav,ये मैं पेंट जो मेरे छत का पेंट का कलर मैं चूज़ करती हूं वो कराती रहती हूं पहले ये पैरेंट ग्रीन थे अबी होगा और उससे क्या होता है,हता,6
02000100001_chunk_008.wav,इस वीडियो को शुरू करने से पहले हम आपको एक अप्प की जानकारी देना चाहते हैं,इस वीडियो को शुरू करने से पहले हम आपको एक ऐप की जानकारी देना चाहते हैं,7
02000100001_chunk_033.wav,तो बचपन से ही मेरी इच्छा थी कि हम घर पे जाकर काम करें तो उस वक्त तो एक टाटा चाय चाय बगान मुनार में नौकरी भी लगी लेकिन मेरा दिल था गाँव में और जब हम गांव पहुँचे और पिताजी को बोले कि मुझे खेती करना है,तो बचपन से ही मेरी इच्छा थी कि हम घर पे जाके काम करें तो उस वक्त त एकटाटा चा ाहय बगान मुनार में नौकरी भी लगी लेकिन,8
02000100001_chunk_033.wav,तो बचपन से ही मेरी इच्छा थी कि हम घर पे जाकर काम करें तो उस वक्त तो एक टाटा चाय चाय बगान मुनार में नौकरी भी लगी लेकिन मेरा दिल था गाँव में और जब हम गांव पहुँचे और पिताजी को बोले कि मुझे खेती करना है,मेरा दिल था गांव में और जब हम गांव पहुंचे और पिताजी को बोले कि मुझे खेती करना है,8
02000100001_chunk_040.wav,और इससे भी आप फल जब होते थे तो पिताजी को,और इससे भी फल जब होते थे तो पिता जी को,9
02000100001_chunk_083.wav,जिस लीची के बाग को हम छह लाख सात लाख में बेचते थे उसको एक समय आया जब बत्तीस लाख तक हमने पहुंचा दिया और यह सिर्फ माइक्रो इरीगेशन के बदौलत था,जिस लीची के बाग को हम छह लाख सात लाख में बेचते थे उसको एक समय आया जब बत्तीस लाख तक हमने पहुंचा दिया और ये सिर्फ माइक्रो,10
02000100001_chunk_083.wav,जिस लीची के बाग को हम छह लाख सात लाख में बेचते थे उसको एक समय आया जब बत्तीस लाख तक हमने पहुंचा दिया और यह सिर्फ माइक्रो इरीगेशन के बदौलत था,इरिगेशन की बदौलत था,10
02000100001_chunk_089.wav,डिपेंडिंग उपों डिस्टेंस पाइप का डायमीटर चेंज,डिपेंडिंग अपान डिस्टेंस पाइप का डायोमीटर चेंज है,11
02000100001_chunk_122.wav,और बाकी कोई चीज में नही देना है है,और बाकी कोई चीज में नहीं देना है,12
02000100001_chunk_160.wav,डी बोरवेल पम्प जिसमें,डी बोरवेल पंप जिसमें,13
02000100001_chunk_175.wav,और उसको एडवांस में पर्चेज करते रखना सो थाट की पीक सीजन में अगर कोई भी मुसीबत आए मशीन में तो उसका क्रिटिकल स्पेयर पार्ट्स हमारे पास रहना चाहिए क्योंकि यहां रिपेयर भी हम लोग खुद,और उसको एडवांस मे पर्चेज करके रखना सोदैट की पीक सीजन में अगर कोई भी मोसीबत आए मशीन में तो उसका क्रिटिकल स्पेरपाटस हमारे पास रहना चाहिए क्योंकि,14
02000100001_chunk_175.wav,और उसको एडवांस में पर्चेज करते रखना सो थाट की पीक सीजन में अगर कोई भी मुसीबत आए मशीन में तो उसका क्रिटिकल स्पेयर पार्ट्स हमारे पास रहना चाहिए क्योंकि यहां रिपेयर भी हम लोग खुद,यहां रिपेयर भी हम लोग कोत हैं,14
02000100001_chunk_212.wav,क्योंकि उससे हमको प्रीमियम चाहिए,क्योंकि उससे हमको प्रीमियम चाहिए,15
02000100001_chunk_217.wav,बैंगलोर भेजे हैं और,बैललोर भेजे हैं और,16
02000100001_chunk_287.wav,और तीसरा,और तीसरा,17
02000100001_chunk_299.wav,इनकम हो सकता है,इनकम हो सकता है,18
02000100001_chunk_307.wav,और अगर खेती के बारे में चाहिए और भी ज्ञान तो इस वीडियो को करें लाइक चैनल को सब्सक्राइब और देखते रहिये ये हेलो किसान,और अगर खेती के बारे में चाहिए और भी ज्ञान तो इस वीडियो को करें लाइव चैनल को सब्सक्राइब और देखते रहिए हेलो किसान,19
02000210001_chunk_018.wav,कृषक जगत की ओर से किसान चैनल की ओर से किसान,कृषक जगत की ओर से किसान चैनल की ओर से किसान,20
02000210001_chunk_026.wav,सभी जगह पर बारिश के मौसम में जब नए पशु बाल अवस्था में जब पैदा हो ते हैं,सभी जगह पर बारिश के फोफन में जब नए पशु बाल अवस्था में जब पैदा होते हैं,21
02000210001_chunk_034.wav,आपके लेख कृषक जगत में दूरदर्शन में आकाशवाणी में और अन्य,आपके काफी लेख दूषक जगत में दूरदर्शन में आकाशवाणी में और ्य,22
02000210001_chunk_038.wav,और काफी हिनदी प्रदेशों में भी देखा जा रहा है,और काफी हिंदी प्रदेशों में भी देखा जा रहा है,23
02000210001_chunk_042.wav,हम आपसे डक्टर साहब के लेक्चर के बाद प्रश्नोत्तरी कार्यक्रम के जब आप अपनी समस्याएं डॉक्टर साथ से पूछ सकेंगे,हम आपसे डॉक्साब के लेक्चर के बाद प्रश्नोत्तरी कार्यक्रम के जब आप अपनी समस्याएं डॉक्टर िसाब से पूछ सकेंगे,24
02000210001_chunk_050.wav,किसान भाइयों पशु पालक भाइयों सभी जो दर्शक जो मुझसे जुड़े हुए हैं,किसान भाइयों पशुपालक भाइयों सभी जो दर्शक जो मुझसे जुड़े हुए हैं,25
02000210001_chunk_052.wav,इस माध्यम के जरिेये जो वैज्ञानिक जानकारिया हैं आधुनिक जानकारियाँ हैं उसे पशुपालकों और किसानों को दोचार कराना,इस माध्यम के जरिए जो वैज्ञानिक जानकारियां हैं आधुनिक जानकारियां हैं उससे पशुपालकों और किसानों को दोचार कराना,26
02000210001_chunk_068.wav,जैसा कि सचिन भाई ने बताया कि यदि नवजात शिशु आज नहीं होंगे या हम उनको जिंदा नहीं रख पाएंगे तो कल के,जैसा कि सचिन भाई ने बताया कि यदि नौजात शिशु आज से नहीं होंगे या हम उनको जिंदा नहीं रख पाएंगे तो कल के,27
02000210001_chunk_075.wav,सबसे पहले जो आप स्लाइड देखेंगे मैं स्क्रिन सेयर कर रहा हु उसमें आपको नजर आएगा,सबसे पहले जो आप स्लाइड देखेंगे मैं क स्क्रीन शेयर कर रहा हूँ उसमें आपको नजर आएगा,28
02000210001_chunk_079.wav,पालन का काम म कर रहा है खासतौर से भैसों में नौवजात पशुओं की मृत्यु के अवसर बहुत ज्यादा होते हैं,पालन का काम कर रहा है खास तौर से भैसओं में नौजात पशुओं की मृत्यु के अवसर बहुत ज्यादा होते हैं,29
02000210001_chunk_083.wav,एक के बाद एक म चर्चा करें कि कयों ऐसा होता है सबसे पहले हम बात कहते हैं कि भैसों की स्थिति क्या है,एक के बाद एक हम चर्चा करें कि च्यों ऐसा होता है सबसे पहले हम बात करते हैं कि भैसों की स्थिति क्या है,30
02000210001_chunk_092.wav,हम भैसों हम और भैसों की संख्या में पूरे विश्व में प्राथमिक है और ये पहला पायदान यही ज्याद कर क्षमता नहीं है,ह भैसो और भैसों की संख्या में पूरे विश्व में प्रथम है कोई ये पहला पायतान यहीं जाकर क्षमता नहीं है,31
02000210001_chunk_093.wav,हम दुग्ध उत्पादन में भी पहले नंबर पर हैं पूरे विश्व में भारत श्वेक्रांति के जो पताका है उसको ठहरा रहा है,हम दु्ध उत्पादन में भी पहले नंबर पर हैं पूरे विश्व में भारत ेक क्रांति की जो पताका है उसको फहरा रहा है,32
02000210001_chunk_096.wav,भारत में पूरे मूल्क में प्रतिशत से ज्यादा हिस्सा भैसों के जरिए आता है,भारत में पूरे मुल्ख में पिचपन प्रतिशत से ज्यादा हिस्सा देशों के जरिए आता है,33
02000210001_chunk_100.wav,स्थानीय हैं और वो दूध देनेवाली नसल है नही नहीं ज्यादातर मसले हमारे,स्थानीय है और वो दूध देने वाली नसले तह ही नहीं ज्यादातर नसले हमारे,34
02000210001_chunk_116.wav,स्वाद में थोड़ा सा भैसों के मुकाबले हल्का होता है लेकिन हम ये भी बात मानते हैं कि,स्वाद में थोड़ा सा प्रेशो के मुकाबले हल्का होता है लेकिन हम ये भी बात मानते हैं कि,35
02000210001_chunk_143.wav,और सबसे इंप्रूवमेंट बात तो आज हम चर्चा करने वाले हैं कि पैसों के पाड़े पाडियों में शिशुओं में बच्चो में,और सबसे इंपोर्टेंट बात तो आज हम चर्चा करने वाले हैं कि बैसों के पारे पाियों में शिशुओं में वस्तों में,36
02000210001_chunk_153.wav,हमारे मालवे ने कहावत हम मालवा में गांव में जाते हैं तो ह बात करते मालवा वासियों से,हमारे एक मालवी में कहा बचे हम मालवा में गाँव में जाते हैं तो हम बात करतेमालवा वासियों से,37
02000210001_chunk_161.wav,जो चालीस प्रतिशत जो मौतें होती हैं वो ये होत क जो भैंस से माता से जो बच्चा पल़ रहा है,जो चालीस प्रतिशत जो मौतें होती है वो ये हती कि जो फैस से माता से जो बच्चा पड़ रहा है,38
02000210001_chunk_163.wav,तो माता के शरीर से इमिनोग्लोगलिन के रूप में,तो माता के शरीर से इमिनोग्लोबलिन के रूप में,39
02000210001_chunk_164.wav,वो शिशुों में नहीं पहुंच पाती है जब शिशु पैदा होता है तो माता से जो उसे जो रेडिमेंट रेजिस्टेंस पावर मिलना चाहिए,वो शिशुओं में नहीं पहुंच पातीब जब शिशु पैदा होता है तो माता से जो उसे जो रेडीमेट रेजिस्टरेंस पावर मिलना चाहिए,40
02000210001_chunk_172.wav,हम इस आंकड़े को पच्चपन प्रतिशत से घटाकर पाच् दशमलव नो पाच पर्सेंट यानी छह पर्सेंट तक कम कर सकते हैं,हम इस आंकड़े को पचपन प्रतिशत से घटाकर पाँच दशमलव नौ पाँच परसेंट यानि छः परसेंट तक कम कर सकते हैं,41
02000210001_chunk_175.wav,सबसे पहला कारण मैंने आपको बताया था कि नवजात में,सबसे पहला कारं ट मैंने आपको बताया था कि नवजात में,42
02000210001_chunk_196.wav,जैसे ही बच्चा आप प्रसुति हो गई भैसों की खास केर के गाय मे भी आप तुरंत पहले घंटे में,ैसेी बच्चा प्सुती होगी मैं स की कापकोसे गायो के लिए आप तुरंत पहले घंटे में,43
02000210001_chunk_207.wav,जो नरवत्स होता है वो बेचारा उसको दूधी ही नहीं पिलाते है उसको उतना ही दूध पिलाते हैं कि जस उसके थन पर ले जाकर उसको छोड़ेंगे,जुंदर बस्सो होता है वो बेचा रा उसको दूरी नहीं पिलाते हैं उसको उतना ही तो पिलाते हैं कि जस उसके ठन पर ले जाएगे उसको छोड़ेंगे,44
02000210001_chunk_270.wav,उसके साथ मे ये मतलब उनको पटनी ही होगा,उसके साथ मेंलये ये मतलब उनको पटनीय होगा,45
02000210001_chunk_272.wav,तो प्रिंट मीडए जगह कोई कोई जोड़ नहीं है दूसरीे की मै ये कहा आ हमलोग प्रकाशित करेंगे तो ज्यादा बेहतर होगा,तो प्रिं प्रिंट मीडिया का कोई कोई जोड़ नहीं है दूइसलि मे कह रा हो कि आपहमलोग प्रकाशित करेंगे तो ज्यादा बेहतर होगा,46
02000210001_chunk_320.wav,जो तीसरे दिन हमने किया था यानी जो कि रेजीन पैरा कीं द्रव और नॉरप्रॉसिसन का एक कोर्स किया था,जो तीसरे दिन हम ने किया था यानी जो पिपरेजीन पैरातीन द्राओ और नॉर प्ॉक्ससीन का एक कोर्स किया था,47
02000210001_chunk_322.wav,अब सातवें दिन पे अब हमारे पास कोलेस्ट्रम नहीं है,अब सातवें दिन पे अब हमारे पास कॉलेस्ट्रम नहीं है,48
02000210001_chunk_330.wav,भैंसों के बच्चों में ऑक्सी डियोसिस नाम की बीमारी होती है,बैसों के बच्चों में पक्सिडियोसीसनान की बीमारी होती ै,49
02000210001_chunk_334.wav,तो तय किजिये कि जो महत्वपूर्ण महत्व का पशु है,तो त जाने कि जो महत्वपण महत्व का पशु है,50
02000210001_chunk_338.wav,इसलिए आपको इस कोर्स को करना चाहिए पशु चिकित्सक की निगरानी में करें तो बेहतर पर और mineral मिक्चर और विटामिन ए,इसलिए आपको इस कोर्स को करना चाहिए पशु चिकित्सक की निगरानी में करेंतो भेतरे परहाँ मिदरल मेस्टर और विटामिन ए,51
02000210001_chunk_339.wav,ये पशुओं को मिनरल मिक्सचर बी कॉंमप्लेक्स दे ये तो सोने में सुहागा जैसी बात होगी,ये पशुओं को मिंरल मिक्सर देै भी कॉंप्लेक्स से ती तो सोने में सुधार ा जैसी बात होगी,52
02000210001_chunk_340.wav,आप उसकी जीने के आसार को और बढ़ाते जाएंगे तो ये मैं अपना,आप उसके जीने के आसार को और बढ़ाते जाइंए तो ये मैं अपना,53
02000210001_chunk_346.wav,तो मेरा पहला प्रश्न ये है,तो मेरा पहला प्रश्न ये है,54
02000210001_chunk_352.wav,जो कृषक जगत द्वारा प्रकाशित की गई है यह हम आपको उपहार स्वरूप भेजेंगे आप अपना कमेंट बॉक्स में,डोकोशक जगत द्वारा प्रकाशित की गई है ये हम आपको पार सवरूप भेजेंगे आप उतना कमेंट बॉक्स में,55
02000210001_chunk_356.wav,सबसे पहला उत्तर,सबसे पहला उत्तर,56
02000210001_chunk_364.wav,डॉक्टर साहब या हां पर हैं जो भी आक बातें बताई गई हैं,डॉक्टर साहब यहां पर हैं जो भी आज बातें बताई गई हैं,57
02000210001_chunk_365.wav,पशुपालन से संबंधित नौव जात की डेथ रेट को रोकने से संबंध तो उसमें आप अपने प्रश्न पूछ सकते हैं,पशुपालन से संबंधित नवजात की डेथ रेट को रोकने से संबंधित तो उसमें आप अपने प्रश्न पूछ सकते हैं,58
02000210001_chunk_451.wav,जी,जी,59
02000210001_chunk_378.wav,रेखा जी आपको,रेखा जी आपको,60
02000210001_chunk_381.wav,जी कमल स्वामी जी श्रीनिवास जी ि आप भी अपना प्रश्न कर सकते हैं आपको अलाव टू टॉक कर दिया गया है,जी कमल स्वामी जी श्री निवास जी आप भी अपना प्रश्न कर सकते हैं आपको एलआउटपू टॉक कर दिया गया है,61
02000210001_chunk_385.wav,लेकिन उस टाइम में मदर बफैलों का डायट क्या होना चाहिए यह जरा विस्तृत करें,लेकिन उस टाइम में मदर बफैलों का डायट क्या होना चाहिए या जरा विस्तृत करेंगे,62
02000210001_chunk_386.wav,जी बहुत अच्छा प्रश्न है,जी बहुत अच्छा प्रश्न है,63
02000210001_chunk_398.wav,पशुपालकों में ये ये मैं हमलोग फील्ड में जाते हैं,पशु पालकों में ये है ये मैं हम लोग फील्ड में जाते हैं,64
02000210001_chunk_405.wav,और खुदा ना खास्ता अगर ही गर्भवती माता दूध भी दे रही है,और खुदाना खासता अगर ही गर्भवर्ती मात्रा दूध भी दे रही है,65
02000210001_chunk_410.wav,आपने नौवजात पशु भैस और दुग्ध उत्पादन क के साथ कितना बड़ा खिलवाड़ किया है,आपने नौ जार पशु उस भैस और दूग्ध उत्पादन केके साथ कितना बड़ा खिलवाड़ किया है,66
02000210001_chunk_433.wav,पशुपालक को सतर्क सजग और चौकस हो जाना चाहिए,पशुपालक को सतर्क सजग और चौकस हो जाना चाहिए,67
02000210001_chunk_372.wav,जी,जी,68
02000210001_chunk_465.wav,जो बिया बोलते हैं जिस पर टिक्स बोलते हैं ये हमारे डीरीपान के दीवारों की जो छोटी छोटे,यजो जो बदिया बोलते हैं जिस पो फिक्स बोलते हैं ये हमारे डेरी फार्म के दीवारों की जो छोटेछोटे,69
02000210001_chunk_466.wav,दरारें होती दाव ई से छोटी उसमें छुपके बैठती हैं और जिये जीना न या शरीर उनका प्रजनन प्रक्रिया चाली होती है,दरारी होती है डिवाइसेोती उसके छुटके बैठती है और जीजी जीशरीर कर उनका प्रजनन प्रक्रिया चालू होती है,70
02000210001_chunk_475.wav,पशु को चाटने मत दीजिए और एक आधे घंटे घंटे में पशु सुखा जाता हैं उसके बाद सारे डिक्स लाइट हो तो झड़ के मर जाते हैं,पशु को चाटने मत दीजिए और एक आधे घंटे घंटे में पशुशु जाता है तोति उसके बाद सारे एक ्लाइस होते है वो झड़के गर जाते हैं,71
02000210001_chunk_476.wav,तो साइड पर मैट्री सारी ऐसी दवाइयां आती हैं जो बाजार में मिलती हैं और,तो साइपर मेथरी बहुत सारी ऐसी दवाइयाँ आती हैं जो बाजार में मिलती हैं औ,72
02000210001_chunk_480.wav,हमारे टिक्स खत्म होई रह तो फिर बहुत सारे ऐसे इंजेक्शन आते हैं आयुर मैक्टिनग के इसके जरिए आप उन,टिक्स खतम होई नी र तो फिर बहुत सारे ऐसे इंजेक्शन ाते हैं आय मैक्टीन के इसके जरिए आप,73
02000210001_chunk_497.wav,और सिर्फ दूध से कुछ रही दूध से तो आप जो खर्चा करता है वो ही निकल पाता है,और सिर्फ दूध से कुछ री दूध से तो आप जो खर्चा करता है वोही निकल पाता है,74
02000210001_chunk_512.wav,एक तो जैसे हमारी भैंस सब आती है,एक तो जैसे हमारी बैस सब ब्याती है,75
02000210001_chunk_522.wav,तो जब सांटिफिकली के एक घंटे के भीतर खिस बच्चो को मिल जाना चाहिए के बजन का एक बड़ा दस भाग तो उस समे कया स्थिति रहा जानी चाहिए,तो जब कसाइंटिफिक लिए कहते हैं कि एक घंटे के भीतर खेस बच्चो को मिल जाना चाहिए ये बजन का एक बटा दस बाक तो उस समय क्या,76
02000210001_chunk_522.wav,तो जब सांटिफिकली के एक घंटे के भीतर खिस बच्चो को मिल जाना चाहिए के बजन का एक बड़ा दस भाग तो उस समे कया स्थिति रहा जानी चाहिए,स्थिति रेनी चाहिए,76
02000210001_chunk_535.wav,वो तो उसके बाद ख दे दूसरी चीज जैसे कि हम जानते हैं कि गाय भैस के जो बच्चे हैं,ोतो उसके बदरजी दूसरी चीज जैसे कि हम जानते हैं कि ग या भैस के जो बच्चे हैं,77
02000210001_chunk_536.wav,इसके पेट में जो कीड़ेमांके पेड से आते हैं जो बर्मश जो हैं,इसकिए पेट में जो कीड़े माके पेट से आते हैं जो बर्मस जो हैं,78
02000210001_chunk_557.wav,कि प्रेगनेंट एनिमल में वैक्सीनेशन नहीं करवाना चाहिए और या फिर जो पशु दूध दे रहे हैं उनमें वैक्सीनेशन नहीं करवाना चाहिए क्योंकि,कि प्रेगनेंट एनिमल में वैक्सीनेशन नहीं करवाना चाहिए और या फिर जो पशु दूध दे रहे हैं उनमें वैक्सीनेशन नहीं करवाना चाहिए क्योंकि,79
02000210001_chunk_566.wav,और परेशानी आ सकती है तो मना कर देते डॉक्टर इंजेक्शन लेखे जाता है तो बुला के डॉक्टर इसको नहीं लगाना यह ये प्रेग्नेंट है,और परेशानी आ सकती तो मना कर देते ं ज सी डॉक्टर इंजेक्शन निके जाता है तो मुझे डॉक् इस्कोल नहीं लगाना ये ये प्रेगनेंट है,80
02000210001_chunk_582.wav,लेकिन वो आपकी पशु को बजार आर टीका तो फर जाहिर कि दो दिन के दूध को तो अपन सहन कर सकते हैं,न वो आ आपके पशु को बचा रा है डीका तो फिर जाइ कि दो दिन कि दोसतं तो अपन सेन कर सकते हैं,81
02000210001_chunk_584.wav,मैंने पांच केस ैसे देखे हैं जो मेरे पास आए थे जिनमें ो कॉलस्ट्रम था त उन्होंने जो कॉलस्ट्रम बचा था उन्होंने बहस को ही फला दिया थ तो वो,मैंने पाँच केस ऐसे देखे हैं जो मेरे पास आए थे जिनमें जो कॉलोस्ट्रेम था तो उन्होंने जो कॉलोजसफ्रम बचा था उन्होंने बहस को ही पिला दिया था,82
02000210001_chunk_584.wav,मैंने पांच केस ैसे देखे हैं जो मेरे पास आए थे जिनमें ो कॉलस्ट्रम था त उन्होंने जो कॉलस्ट्रम बचा था उन्होंने बहस को ही फला दिया थ तो वो,तो वो,82
02000210001_chunk_598.wav,अगला प्रश्न है गणेश जी आ चुके हैं क्या,अगला प्रश्न गणेश जी आ चुके हैं क्या,83
02000210001_chunk_600.wav,और मैं बताना चाहता हूं जो सबसे पहले और सही जवाब आया था हमारे पुराने प्रश्न का जो,और मैं बताना चाहता हूँं जो सबसे पहले और सही जवाब आया था हमारे पुराने प्रश्न काज,84
02000210001_chunk_602.wav,सबसे ज्यादा बहसें पाई जाती हैं तो जिसका सही जवाब हमें दिया था खड़क सोलंकी जी ने सबसे पहले दिया था,सबसे ज़्यादा बैसें पाई जाती हैं तोजिसका सही जवाब हमें दिया था हड़क सुलंकी जी ने सबसे पहले दिया था,85
02000210001_chunk_609.wav,बारिश के समय जो सभी डेरी पालक हैं,बारिश के समय में जो सभी डेरी पालक हैं,86
02000210001_chunk_610.wav,इस समय हमारे साथ मैं काफी डेरी से जुड़े हुए लोग हैं तो मै चहता हूं कि इस प्रश्न का जवाब,इस समय हमारे साथ में काफ़ी डेरी से जुड़़े हुए लोग हैं तो मैं चाहता हूँ कि इस प्रश्न का जवाब,87
02000210001_chunk_614.wav,वेटनरी मेडिसिन यह भी दवाई से संबंधती है रोग के जहां बात है तो इसमें तकनीकी नाम भी दिे हुए हैं सभी दवाइयों के जोजो डक्टर साहब भी यहां बता रहे हैं,वेटनरी मेडिसिन ये भी दवाई से संबंधित ीनहै रूग से जहां बात है तो इसमें तकनीकी नाम भी दिए हुए हैं सभी दवाइयों के जो जो डक्षा भी,88
02000210001_chunk_614.wav,वेटनरी मेडिसिन यह भी दवाई से संबंधती है रोग के जहां बात है तो इसमें तकनीकी नाम भी दिे हुए हैं सभी दवाइयों के जोजो डक्टर साहब भी यहां बता रहे हैं,यहां बता रहे हैं,88
02000210001_chunk_619.wav,उन्हें किया गया है आप बात कर सकते हैं,उन्हें किया गया है आप बात कर सकते हैं,89
02000210001_chunk_628.wav,जी जी,जी जी,90
02000210001_chunk_642.wav,इन्होंने पूछा है कि दूध किन किन मार्केटिंग में सेल्स का रते हैं,इन्होंने पूछा है कि दूत किन किन मार्केटिंग में सेल्स करते हैं,91
02000210001_chunk_652.wav,उसका वजन क्या है शरीर का ताकि पहले ही आशा पहले से ही राशन बनाना पड़ता है उसका,उसका वजन क्या है शरीर का ताकि पैले से राशन नापहलेसे राशन बनाना पड़ता है उसका,92
02000210001_chunk_660.wav,उसका प्रो लैक हो जाता है ये कुछ हॉर्मोनल प्रॉब्लम भी हो सकते हैं अंतरत्रावी ग्रंथियों की,उसका प्रोलैकस हो जाता है ये कुछ हॉर्मोनल प्रॉब्लम भी हो सकते हैं अंतसराी ग्रंथियों की,93
02000210001_chunk_662.wav,तो इसके बहुत सारे कारण होते हैं लेकिन आपको इसका उपचार तुरंत करा लेना चाहिए,सके बहुत सारे कारण होते हैं लेकिन आपको उसका उपचार तुरंत करा लेना चाहिए,94
02000210001_chunk_664.wav,तो इसका उपचार बहुत ज्यादा कठिन नहीं है आसान है पासी के पशुचिकित्सक से संपर्क करना चाहिए और उसके कई मेडिसिनस आती हैं,तो इसका उपचार बहुत ज्यादा कठिन नहीं है आसान है पास ही के पशु चिकित्सक से संपर्क करना चाहिए और उसके कई मेडिसिनस आती हैं,95
02000210001_chunk_666.wav,आप भैस को खड़ी करें तो इस तरह से खड़ी करें गाय क ो जिसका प्रो लैप्स तो उसके अगले वाले पैर गड्ढे में रखें पीछे वाले पैरों को ऊँचा गर दें,आप मैस को खडी करें तो इस तरह से खडी करें गाय को जिसका बोले होरहा तो उसके अगले वाले पैर गड्ढे में रखे तो पीछे वाले पैरों,96
02000210001_chunk_666.wav,आप भैस को खड़ी करें तो इस तरह से खड़ी करें गाय क ो जिसका प्रो लैप्स तो उसके अगले वाले पैर गड्ढे में रखें पीछे वाले पैरों को ऊँचा गर दें,को ऊँंचा कर दे,96
02000980001_chunk_048.wav,और,और,97
02000210001_chunk_683.wav,जैसा कि किसान भाइयों,जैसा कि किसान भाइयों,98
02000210001_chunk_684.wav,कृषक जगत के फेसबुक लाइफ पर भी आज कुछ तकनीकी कारणों से हम इस कार्यक्रम को दिखानी पाएं हैं लेकिन,कृषक जगत के फेसबुक लाइव पर भी आज कुछ तकनीकी कारणों से हम इस कार्यक्रम को दिखा नहीं पाएगे लेकिन,99
02000210001_chunk_688.wav,हमारे किसान भाईयों को प्रश्नों के जवाब दे सकते हैं और मैं,हमारे किसान भाइयों को प्रश्नों के जवाब दे सकते हैं और मैं,100
02000210001_chunk_697.wav,ताकि वो उसका सही विवेचना कर पाएं सही तल से डाइग्नॉसिस कर पाएं बीमारी को उसके बाद ही दवाई दें,ताकि वो उसका सही विवेचना कर पाएं सही तरह से डाइग्नोसिस कर पाएं बीमारी को उसके बाद ही दवाई दें,101
02000210001_chunk_701.wav,उनका भी मैं बहुत बहुत आभारी हूं आप सभी का आभार सभी किसान भाइयों धन्यवाद,भी मैं बहुत बहुत आबादी हूँ आप सभी का आभार सभी किसान भाईयों धन्यवाद,102
02000210001_chunk_702.wav,हम आपके साथ फिर अगले किसी प्रोग्राम में किसी विषय को लेकर किसान सत्रो में जुट़ेगे धन्यवाद,हम आपके साथ सिल अगले किसी प्रोग्राम में किसी विषय को लेकर किसान सत्र में जुड़ेंगे धन्यवाद,103
02000220001_chunk_010.wav,अभी भी बहुत न्यू कॉन्सेप्ट है,अभी भी बहुत न्यू कॉनसेप्ट है,104
02000220001_chunk_011.wav,उस टाइम पे अपने क्यों शुरुआत की इसकी,उस टाइम पे अपने क्यों शुरूआत कीइसकी,105
02000220001_chunk_036.wav,डिस्कस फिस जो है किंग ऑफ एक्वेरियम्स माना जाता है,डिस्कस फिस जो है किंग ऑफ एक्पेरियम्स माना जाता है,106
02000220001_chunk_043.wav,अगर कोई फार्मर इसको लेकर प्रोफेशन या कुछ कमाई का दौर बनाना चाहता है तो उसके लिए,अगर कोई फार्मर इसको लेके ऐजेन प्रोफेशन या कुछ कमाई का दौर बनाना चाहता है तो उसके लिए,107
02000220001_chunk_062.wav,ये आपको,ये आपको,108
02000220001_chunk_068.wav,किस तरीके का वो होत है,किस तरीके का वो होता है,109
02000220001_chunk_076.wav,तो फाइनली अगर देखेंगे तो अगर जो सीरियस हॉबिस्ट है ये आता है डिस्केस फिश रखने के शॉक पे वो इंटरनेट मीडिया पर,तो फाइनली अगर देखेंगे तो अगर जो सीरियस हॉबेस्ट है ये आता है डिस्कस फिश रखने के शॉकपे वोइंटरनेट मीडिया पर,110
02000220001_chunk_084.wav,कभी आपको ऐसा दिक्कत हुआ या मेरे पास करोड़ों रुपये का इतना फिश है,कभी आपको ऐसा दिक्कत हुआ या मेरे पास करोड़ों रुपये का ै इतना फिश है,111
02000220001_chunk_090.wav,लेकिन हमने जबसे शुरुआत किया है ये मैं एक्स पेंड करते गया फॉर्म बढ़ाता गया लोकेशन चेंज करता गया और,लेकिन हमने जब से शुरूआत किया आइहै मैं एक्सपेंड करता गया फाॉर्म बढ़ाता गया लोकेशन चेंज करता गया,112
02000220001_chunk_100.wav,फिश अच्छे से रखना सीख जाए हेल्दी रखें तो,फिश अच्छे से रखना सीख जाए हेल्दी रखे तो,113
02000220001_chunk_309.wav,कोई भी एक सेगमेंट को लेकर गाइडेंस को लेके लोन रिलेटेड सब्सिडी रिलेटेड आप वहां से कॉन्टैक्ट करके पूछ सकते हैं,कोई भी एक सेगमेंट को लेके गाइडेंस को लेके लोन रिलेटेड सब्सिडी रिलेटेड आप वहां से कॉनटैक्ट करके पूछ सकते हैं,114
02000220001_chunk_315.wav,आपके यहां पर दूसरा हमारा जो ये फॉर्म है,आपके यहां पर दूसरा हमारा जो ये फॉर्म है,115
02000330001_chunk_035.wav,उसको सबसरफेस ड्रिप इरिगेशन बोलते हैं,उसको सब सरफेड ड्रिप इरिगेशन बोलते हैं,116
02000330001_chunk_123.wav,दस से बीस हजार तक जाता है,दस से बीस हजार तक जाता है,117
02000570001_chunk_007.wav,कई बार,कई बार,118
02000570001_chunk_010.wav,जो कौरों थे,जो कौरो थे,119
02000570001_chunk_011.wav,वो पाडवों को,वो पाडमों को,120
02000570001_chunk_037.wav,खेती के साथ कुछ ऐसा ही है,खेती के साथ कुछ ऐसा ही है,121
02000570001_chunk_051.wav,जिसको तांस का पत्ता चोरी करना आता है,जिसको तांस का पत्ता चोरी करना आता है,122
02000570001_chunk_070.wav,और उन बातों के पीछे का अर्थ यही होता है कि कोई न कोई चीज उसको बेची जाती है या तो प्लांटिंग मटीरियल बेंचा जाता है या,और उन बातों के पीछे काआर्थ यही होता है कि कोई न कोई चीज उसको बेंची जाती है क्या तो प्लांटिंग मैटीरियल बेंचा जाता है या,123
02000570001_chunk_078.wav,यथार्थ में वो समझ पाया न समझ पाए,यथार्थ में वो समझ पाएया न समझ पाए,124
02000570001_chunk_091.wav,जो साधन संपन्न है जिनके घरों में कोई नौकरी करता है जिसके पास स एकड़ चास एकड़ जमीन है,जो साधन संपन्न है जिनके घरों में कोई नौकरी करता है जिसके पास पच्चीस एकड पचास एकड़ जमीन है,125
02000570001_chunk_097.wav,जमीन की फर्टिलिटी हार चुके है,जमीन की फर्टिलिटी हार चुके और आज ं,126
02000570001_chunk_102.wav,मेरा जो विचार है मेरा जो विषय है वो एक ही है कि प्राकृतिक खेती का मतलब है पंच महाभूत के साथ,मेरा जो विचार है मेरा जो विषय है वो एक ही है कि प्राकृतिक खेती का मतलब है पंच महाभूत के साथ,127
02000570001_chunk_126.wav,और आजकल प्राकृतिक खेती के बारे में भी लोग कहते हैं कि ये इंइस इंसेक्ट को ऐसे खत्म करना इस बीमारी को ऐसे खत्म करना है इसका मैनेजमेंट ऐसे करना इसका मैनेजमेंट ऐसे करना है,और आजकल प्रैकटिक खेती के बारे में भी लोग कहते हैं कि ये इंइस इंसेक्ट को ऐसे खत्म करना है इस बीमारी को ऐसे खत्म करना है इसका,128
02000570001_chunk_126.wav,और आजकल प्राकृतिक खेती के बारे में भी लोग कहते हैं कि ये इंइस इंसेक्ट को ऐसे खत्म करना इस बीमारी को ऐसे खत्म करना है इसका मैनेजमेंट ऐसे करना इसका मैनेजमेंट ऐसे करना है,मैनेजमेंट ऐसे करना ै इसका मैनेजमेंट ऐसे करना है,128
02000570001_chunk_155.wav,अब उसके बाद अगर कोई दुश्मन बचगे तो आप क्या करेंगे तो फिर एकी उपाय है,अब उसके बाद अगर कोई दुश्मन बच गए तो आप क्या करेंगे तो फिर येक ्यों पा,129
02000570001_chunk_158.wav,तो फसल सुरक्षा रसायन बंद करने के लिए तुम्हें प्राक्ति खेती कर रहा था,तो फसल सुरक्षा रसायन बंद करने के लिए तो मैं प्राक्तिक खेती कर रहा था,130
02000570001_chunk_178.wav,धरती माता की उर्बरता को बढ़ाने के लिए,धरती माता की उर्बरता को बढ़ाने के लिए,131
02000570001_chunk_181.wav,और इतनी मजबूत हो जाए,और इतनी मजबूत हो जाए,132
02000570001_chunk_189.wav,कई बार इसके बावजूद,कई बार इसके बावजूद,133
02000570001_chunk_201.wav,और मैं ऐसा कैसे भूल जाता हूं कि जब,और मैं ऐसा कैसे बूल जाता हूं कि ब,134
02000570001_chunk_210.wav,जिसने चमत्कार किया हो और खेती में एक चीज बता दूँ,जिसने चमत्कार किया हो और खेती में एक चीज और बता दोँ,135
02000570001_chunk_216.wav,मेरी आज की इस वीडियो का मतलब है सरल भाषा में काहू तो किसान को अब,मेरी आज की इस वीडियो का मतलब है सरल भाषा में कह दूं तो किसान को,136
02000570001_chunk_242.wav,आप तो इस धरती को कंसीडर कर लीजियए बस क्या,आप तो इस धरती को कंसीडर कर लीजिए बस क्या,137
02000570001_chunk_257.wav,बाहर से कहीं से खरीद कर के ला सकते तो वो करो,बाहर से कहीं से खरीद करके ला सकते तो वो करो,138
02000570001_chunk_259.wav,तो आप कहानी आज कलेक चल रहिे जवामृत की जीवामृत की सेंपिल कहानी बतातो फिर एक बार आप सुन लीजिए,तो आप कहानी आजकल एक चल रही है जीवामृत की जीवामृत की सिंपिल कहानही बताता हूँ फिर एक बार आप सुन लीजिए,139
02000570001_chunk_277.wav,तो फिर उनका कारोबार चलेगा रासायनिक उर्वक डालिए मिट्टी की जांच कराइए फिर जमीन में इम बैलेंस सोलहपोषक त्तों के बीच में इम बैलेंस क्रिएट होंगे,तो फिर उनका कारोबार चलेगा परासायनिक और बक डालिए मिट्टी की जांच कराइए फिर जमीन में इम बाैलेंस सोलह पोषक तत्वों के बीच में इम बैलेंस क्रिएट होंगे,140
02000570001_chunk_280.wav,और जो पैसा जेब में कमा के लाए हो,और जो पैसा जेब में कमा किलाए हो,141
02000570001_chunk_294.wav,लेकिन एक दार्शनिक व्यक्ति,लेकिन एक दार्शनिक व्यक्ति,142
02000570001_chunk_303.wav,जो किसान की खेती है जो किसानी का कारोबार है जो संस्कृति हैखेती एक संस्कृति है खेती संस्कार है खेती दर्सन्नह खेतियाध्यातम ेखेती भगवान की साक्षात पूजा,जो किसान की खेती है जो किसानी का कारोबार है जो संस्कृति है खेती एक संस्कृति है खेती संस्कार है खेती दर्शन है खेती आध्यात्म खेती भगवान की,143
02000570001_chunk_303.wav,जो किसान की खेती है जो किसानी का कारोबार है जो संस्कृति हैखेती एक संस्कृति है खेती संस्कार है खेती दर्सन्नह खेतियाध्यातम ेखेती भगवान की साक्षात पूजा,साक्षात पूजा,143
02000570001_chunk_305.wav,कि आप मेरी इस बात से सहमत होंगे और विचार करेंगे नमस्कार,कि आप मेरी इस बात से सहमत होंगे और विचार करेंगे नमस्कार,144
02000900001_chunk_143.wav,और छाछ वगैरा स्प्रे करवा देते एक दो,और छाच वगैरह स्प्रे करवा देते एक दो,145
02000900001_chunk_191.wav,बाईस हजार से पच्चीस हजार किलो,बाईस हजार से पच्चीस हजार किलोहै,146
02000980001_chunk_016.wav,ये जो इकोनॉमिक साइकिल बिठाना है,य जो इकनॉमिक साइकल बिठाना है,147
02000980001_chunk_041.wav,और तीसरा मुद्दा रहेगा कि कोई भी नया अगर इस विषय पर काम शुरू करना चाहे वो डेयरी की तरफ़ बढ़े गौशाला की तरफ़ बढ़े या वो ब्रीडिंग की तरफ़ बढ़े तो डॉक्टर साहब पहले,और तीसरा मुद्दा रहेगा कि कोई भी नया अगर इस विषय पर काम शुरू करना चाहे वो डेयरी की तरफ बढ़े गौशाला की तरफ बढ़े या वो ब्रीडिंग,148
02000980001_chunk_041.wav,और तीसरा मुद्दा रहेगा कि कोई भी नया अगर इस विषय पर काम शुरू करना चाहे वो डेयरी की तरफ़ बढ़े गौशाला की तरफ़ बढ़े या वो ब्रीडिंग की तरफ़ बढ़े तो डॉक्टर साहब पहले,की तरफ बढ़े डॉ ब पहले,148
02000210001_chunk_682.wav,और,र,149
02000980001_chunk_050.wav,जीवन पद्धति में ऑडिट बोल तो सिर्फ सीए का ऑडिट,जीवन पद्धति में ऑडिट बोलता सिर्फ सीएक ऑर्डिट,150
02000980001_chunk_053.wav,कॉर्पोरेट सेक्टर में हर मंथली भी होता है,कॉरपोरेट सेक्टर में हर मंत्री भी होता है,151
02000980001_chunk_072.wav,दस लीटर दूध अगर रोज का है,दस लीटर दूध अगर रोज का है,152
02000980001_chunk_128.wav,मेरा जो प्रॉजेक्ट रिपोर्ट रहता है,मेरा जो प्रोसेट रिपोर्ट रहता है,153
02000980001_chunk_129.wav,वो पांच बार बदलता है,वो पाँच बार बदलता है,154
02000980001_chunk_169.wav,तो मैं उनकाे पूछता हूं मैं जब नाइंटीफोर मैं वेटरनरी सीख रहा था गाइनकोलॉजी तब उस टाइम,तो मैं उनका पूछता हूँ मैं जब नाइनी फोर में वेटर में सीख रहा ता गाइनेकॉलॉजी तब उस टाइम,155
02000980001_chunk_180.wav,आप,आप,156
02000980001_chunk_224.wav,मेहनत लगती पेशेंस लगता है इनवेस्टमेंट लगता है,मेहनत लगती पेशंस लगता इन्वेस्टमेंट लगता है,157
02000980001_chunk_250.wav,बहुत जरूरी बात है,बहुत जरूरी बात है,158
02001410001_chunk_071.wav,जिसका हम बोल सकते हैं कि ड्राय इनवायरमेंट में ही ज्यादा वो फ्लावर ओपनिंग होता है,जिसका हम बोल सकते हैं कि ड्राई इन्वार्मेंट में ही ज्यादा वो फ्लाबर ोपन है,159
02001410001_chunk_134.wav,फ्रूटिंग है उसकी फ्लावरिंग स्टेज है,उसकी फ्लावरिंग स्टे जा है,160
02001410001_chunk_202.wav,हुआ था के बीटी के ऊपर खुद का एक,के बीटी के ऊपर खुद का है,161
02001410001_chunk_275.wav,ज़रूरी है इसमे क्योंकि वॉटर मैनेजमेंट ऐसा है कि अगर शुरुआत में आपने वाटर मैनेजमेंट में थोड़ा सा भी गलत काम,इसमेंक्योंकि वाटर मैनेजमेंट ऐसा है के अगर शुरूआत में आपने वाटर मैनेजमेंट में थोड़ा सा भी गलत काम है,162
02001410001_chunk_321.wav,होता है प्लांट की इम्यूनिटी भी दोनों कॉम्पोनेंट से ही,प्लांट की म्यूनिटी भी दोनों कॉम्पोनेंट से है,163
02001410001_chunk_323.wav,हाँ मई इसमें पॉंट आपका एड,हमैकइसमें पॉइंट आपका ै,164
02001410001_chunk_371.wav,पड़ता है और आप जहां तीन सपरे आपके सकिंग बेस्ट के होने या थ्रिप्स का,और आप जहां तीन सपरे आपके सकिंग पेस्ट के होने या थ्रिप्स का है,165
02001410001_chunk_490.wav,इसका पानी की मात्रा बढ़ने से इसके साथ यह छिपक गया इसको हवा से ये,इसका पानी की मात्रा बढ़ने से इसके साथ ये चिपक गया इसको हवा सेये,166
02001410001_chunk_515.wav,स्टॉक है इतना हमको चाहिए तो जो रिच,इतना हमको चाहिए तो जो रै,167
02001410001_chunk_575.wav,लेबर है जो चुगाई करने वाला,जो छुगाई करने वाला है,168
02001560001_chunk_021.wav,फ़ैमिली में आपका पोटाटो बेलोंग करता है,फेमिली आपका पोटैटो बलॉन करता है,169
02001560001_chunk_038.wav,कहते हैं ये हो या और भी जिसे हमारी त्वचा रूखी सूखी बनी,ये हो या और भी जैसे हमारी तचा रू की सूखी बनी है,170
02001620001_chunk_006.wav,और कौरव पांडव की सेनाये आमने सामने हैं,और कौरव पांडव की सेनाएं आमने सामने हैं,171
02001620001_chunk_008.wav,और युद्ध के आगा आगाज के बाद,और युद्ध के आगाज के बाद,172
02001620001_chunk_020.wav,और ये धर्मयुद्ध तो होके रहेगा,और ये धर्म युद्ध तो हो के रहेगा,173
02001620001_chunk_029.wav,इन पर बाड़ चलाईये ये गीता का श्लोक है मैं जो आपको बताने जा रहा हूंकि पृथ्वी पर,इन पर बाढ चलाई ये गीता का स्लोक है मैं जो आपको बताने जा रहा हूँ किस पृथ्वी पर,174
02001620001_chunk_053.wav,इस विषय को ध्यान करिये और उस परमात्मा ने मनुष्य को धरती पर अवतरित इसलिए किया है,इस विषय को ध्यान करिया और उस परमात्मा ने मनुष्य को धरती पर अवतरित इसलिए किया है,175
02001620001_chunk_056.wav,उस बगिया की देखरेख करता है,उस बगिया की देखरेख करता है,176
02001620001_chunk_061.wav,सामंजस्य को बना करके रखना है,सामंजस्य को बना करके रखना है,177
02001620001_chunk_075.wav,अपने निजी स्वार्थों की पूर्ति के लिए,अपने निजी स्वार्थों की पूर्ति के लिए,178
02001620001_chunk_076.wav,और वो परमात्मा फिर एक बार,और वो परमात्मा फिर एक बार,179
02001620001_chunk_080.wav,क्या मैं स्वयं,क्या मैं स्वयं,180
02001620001_chunk_094.wav,जो मुझे होना चाहिए,जो मुझे होना चाहिए,181
02001620001_chunk_101.wav,नहीं इस संसार में,कनहीं इस संसार में,182
02001620001_chunk_109.wav,विषय का विषय का विषय बनाते चले जा रहे लोग लेकिन धो विषय कर नहीं समझते,विषय का विषय का विषय बनाते चले जा रहे लोग लेकिन दो विषय अगर नहीं समझते,183
02001620001_chunk_119.wav,स्कूल कॉलेज विश्विद्यालय,स्कूल कॉलेज विश्वविद्यालय,184
02001620001_chunk_133.wav,दर्शन मतलब है,दर्शन मतलब है,185
02001620001_chunk_139.wav,वो विषय है,वो विषय है,186
02001620001_chunk_145.wav,जो अवतारी व्यक्ति होता है,जो अतारी व्यक्ति होता है,187
02001620001_chunk_148.wav,राम चाहते तो आयोध्या के राजा बने रह सकते थे,राम चाहेते तो अयोध्या के राजा बने रह सकते थे,188
02001620001_chunk_181.wav,राजनीति में लड़ाइयां हैं उसी प्रकार,राजनीति में लड़ाइयां हैं उसी प्रकार,189
02001620001_chunk_190.wav,मंदिर जाया करो मंदिर मे लोग बुलाते हैं,मंदिर जाया करो मंदिर में लोग बुलाते हैं,190
02001620001_chunk_191.wav,कि मेरे मंदिर में आया करो,कि मेरे मंदिर में आया करो,191
02001620001_chunk_197.wav,अगर किसी मंदिर की मान्यता है,अगर किसी मंदिर की मान्यता है,192
02001620001_chunk_203.wav,जीव आखिर क्यों है,जीव आखिर क्यों है,193
02001620001_chunk_216.wav,भाव के बारे में रामायण में चौपाई है,भाव के बारे में रामायण में एक चौपाई है,194
02001620001_chunk_240.wav,एक ही चीज है,एक ही चीज है,195
02001620001_chunk_252.wav,तो मदिर का मतलब है,तो मंदिर का मतलब है,196
02001620001_chunk_274.wav,परीक्षा देकर के पास हो जाता,परीक्षा दे करके पास हो जाता है,197
02001620001_chunk_280.wav,जल चेतन जगत की इकाइयां है,जल चेतन जगत की इकाइयां है,198
02001620001_chunk_293.wav,कि मनुष्य के जीवन में दुःख निरंतर बढ़ते जाएंगे मनुष्य के जीवन से खुशियां समाप्त होती चली जाएंगी,कि मनुष्य के जीवन में दुख निरंतर बढ़ते जाएंगे मनुष्य के जीवन से खुशियां समाप्त होती चली जाएंगी,199
02001810001_chunk_005.wav,उन्होंने तो अपनी धरती माता को,उन्होंने तो अपनी धरती माता को,200
02001810001_chunk_042.wav,सेम टू सेम कहानी वहां भी वही है,सेम टू सेम कहानी मां भी भईया,201
02001810001_chunk_066.wav,और जो आधुनिक कृषि विज्ञान है उसके पास कोनस समाधान है,और जो आधुनिक कृषि विज्ञान है उसके पास कौन सा समाधान है,202
02001810001_chunk_083.wav,लाखों करोड़ रुपये के मूल्य के,लाखों करोड़ रुपये के मूल्य के,203
02001810001_chunk_103.wav,किसी किट को मार पाएं क्या,किसी कीत को मार पाए क्या,204
02001810001_chunk_120.wav,तो जब किसान उत्पादन बढ़ाता है तो क्या करता है,तो जब किसान उत्पादन बढ़ाता है तो क्या करता है,205
02001810001_chunk_129.wav,और ये निजी स्वार्थ के चक्कर में,और ये निजी स्वार् के चक्कर में,206
02001810001_chunk_132.wav,लिए ले रहे है अब आप कल्पना करिए,लिए लेयरअब आप कल्पना करिए,207
02001810001_chunk_182.wav,ब्रह्म कितनी सरल सी कहानी है,ब्रह्म कितनी सरल सी कहानी है,208
02001810001_chunk_186.wav,समुद्र से पानी भाप होकर के कहा इकट्ठा होता है,समुद्र से पानी इवह प्रेट होकरके कहां इकट्ठा होता है,209
02001810001_chunk_209.wav,ये कोई छोटी चीज है,ये कोई छोटी चीज है,210
02001810001_chunk_226.wav,वो समाधान सब प्रकृति के पास है जंगल के पास है,वो समाधान सब प्रकृति के पास है जंगल के पास है,211
02001990001_chunk_019.wav,दूसरे मॉड्यूल के अंदर हम आपको बताएंगे कि आखिर आर्गेनिक एग्रीकल्चर की जब हम बात करते हैं तो आखिर आर्गेनिक फॉर्मिंग है क्या,दूसरे मॉड्यूल के अंदर हम आपको बताएंगे कि आखिर ऑर्गेनिक एग्रीकल्चर की जब हम बात करते हैं तो आखिर ऑर्गेनिक फार्मिंग है क्या,212
02001990001_chunk_112.wav,वो रहता है कि जमीन कितनी मजबूत है और हमारा नोवा मॉड्यूल पूरा का पूरा newट्रियंट मैनेजमेंट में रहेगा,वो रहता है कि जमीन कितनी मजबूत है और हमारा नौवा मॉड्यूल पूरा का पूरा न्यूट्रियंट मैनेजमेंट पे रहेगा,213
02002160001_chunk_030.wav,एक बीगा एक एकड भी नहीं थी मेरे पास,एक बिगा एक एकड़ विनी ती मेरे पास ै,214
02002160001_chunk_072.wav,मैं ये कहना चाहूँगा,मैं ये कहना चाहूंगा,215
02002160001_chunk_150.wav,वो माता ही किस काम की,वो माता ही किस कार की,216
02002160001_chunk_221.wav,जिसमें,जिसमें,217
02002270001_chunk_047.wav,ये आपकी कोंकोनट की वैराइटीज है तो यू हैव टू रिमेंम्बर ये आपका कोकोनट का पौधा होता इस तरीके से लगता है,ये आपकी कोकोनट की वेराइटीज हैं तो यू हैव टू रिमेंबरट ये आपका कोकोनाट का पौधा होता ह इस तरीके से लगता है,218
02002270001_chunk_116.wav,इसके बाद आता है एप्पलस्केब ये भी एक बहुत ही बेकार डिजीज होती है जो आपकी एप्पल में देखने को मिलता है,इसके बाद आता है एपल स्केब ये भी एक बहुत ही बेकार् डिजीज होती है जो आपकी एपपल में देखने को मिलता है,219
02002270001_chunk_212.wav,इसमें थोड़ा सा कम समझ में आया तो आप फिर से जाइए दो क्रॉप मैंने पढ़ाई है,इसमें थोड़ा सा कम समझ में आया तो आप फिर से जाइए दो क्रॉप मैंने पढ़ाई है,220
02002760001_chunk_001.wav,अगर देश का अन्न दाता किसान कर्जदार है,अगर देश का अनदाता किसान कर्जदार है,221
02002760001_chunk_017.wav,तुमको तीन चीजों की तलाश करनी है,तुमको तीन चीजों की तलाश करनी है,222
02002760001_chunk_052.wav,धर्म का अगर ज्ञान होता,धर्म का अगर ज्ञान होता,223
02002760001_chunk_104.wav,यही खेती है,यही खेती है,224
02002760001_chunk_110.wav,संस्कृति संस्कार,संस्कृति संस्कार,225
02002760001_chunk_138.wav,उसके पहले पचास कुंटल वाली होई थी तो पचास कुंटल हुआ था क्या,उसके पहले पचास कुंटल वाली हुई थी तो पचास कुंटल हुआ था क्या,226
02002760001_chunk_183.wav,चकबंदी के नाम पर तुम्हारे तीन जगह चक हैं और एक जगह कर देंगे,चकबंदी के नाम पर तुम्हारे तीन जगह जगहै वो एक जगह कर देंगे,227
02002760001_chunk_226.wav,इसके अलावा आप बताओ मित्र जरा कायदे से सोचना,इसके अलावाा बताओ मित्रचरा कायदे से सोचना,228
02002760001_chunk_230.wav,वायु दिन में इक्कीस हजार बार सांस लेते हैं अग्नि सूरज की रोशनी का कारोबार सारा कारोबार सूरज की रोशनी से चल रहा है पानी की बदौलत कुछ पानी जिंदगानी है सच्ची ये कहानी है,वायु दिन में इक्कीस हजार बार स्वांस लेते हैं अगनी सूरज की रोशनी का कारोबार सारा कारोबार सूरज की रोशनी से चल रहा है पानी की बदौलत कुछो,229
02002760001_chunk_230.wav,वायु दिन में इक्कीस हजार बार सांस लेते हैं अग्नि सूरज की रोशनी का कारोबार सारा कारोबार सूरज की रोशनी से चल रहा है पानी की बदौलत कुछ पानी जिंदगानी है सच्ची ये कहानी है,पानी जिंदगानी है सब्चीए कहानी है,229
02002760001_chunk_258.wav,और यह मनुष्य,और येहै मनुष,230
02003470001_chunk_008.wav,और,और,231
02003470001_chunk_020.wav,अच्छा आपने जिमि कंद की खेती किसी को देखकर के स्टार्ट की थी या कहीं से प्रशिक्षण आपको प्राप्त हुआ था,अच्छा आपने जिमी कंद की खेती किसी को देख कर के स्टार्ट की थी या कहीं से प्रशिक्षण आपको प्राप्त हुआ था,232
02003470001_chunk_082.wav,ये जो गजंद्र प्रजाति का जीमीकंद है,ये जो गजंद्रा प्रजात का जीमीकंद है,233
02003470001_chunk_201.wav,तो बीज को उपचारित कैसे करेंगे,तो बीज को उपचारित कैसे करेंगे,234
02003470001_chunk_289.wav,हाँ,,235
02003470001_chunk_304.wav,और जो है,जो है,236
02003470001_chunk_327.wav,अच्छा अच्छा आप जाये खेत में जेठ बैशाख में हा गन्ने की पत्ति का बोझ खेतो में डाल दीजिए ह और सुबह देखे जाकर उसमें नमी कहां से हैं हवा में पैसठ पर्सेंट नमीं है हा यानि आच्छादन मलचिंग है,अच्ा अच्छा भई आप गाय खेत में जे बताक में बनने की पत्ती का बोध खेत में डाल दीजिए और सुबह देखिे जागर उसमें नी कहां से दी,237
02003470001_chunk_327.wav,अच्छा अच्छा आप जाये खेत में जेठ बैशाख में हा गन्ने की पत्ति का बोझ खेतो में डाल दीजिए ह और सुबह देखे जाकर उसमें नमी कहां से हैं हवा में पैसठ पर्सेंट नमीं है हा यानि आच्छादन मलचिंग है,औरइ हवा में पैसठ पर्सेट नमी है त यानी आज छादनजोमलचिं है,237
02003470001_chunk_334.wav,आपने बो दिया हाँ उसमें एक कल्ला निकला हा फिर उस कल्ले को किसीने तोड़ दिया या काट दिया,आपने बो दिया उसमें एक कल्ला निकला फिर उस कल्ले को जिसने तोड़ दिया ा,238
02003680001_chunk_001.wav,किसान भाइयों और नमस्कार,किसान भाई और नमस्कार,239
02003680001_chunk_007.wav,भारतीय संस्कृति में,भारतीय संस्कृति में,240
02003680001_chunk_008.wav,हम सभी लोग गाय को मां का दर्जा देते आए,हम सभी लोग गाय को मां का दर्जा देते आए,241
02003680001_chunk_016.wav,आज वो भी बड़े बड़े शहरों में रोजीरोटी के लिए भटक रहे हैं बहुत सारे किसान,आज वो भी बड़ेबड़े शहरों में रोजी रोटी के लिए भटक रहे बहुत सारे किसान,242
02003680001_chunk_021.wav,बढ़ाने की बात करती हैं कि किसानों की आय को कैसे दोगुना किया जाए,बढ़ाने की बात करती है कि किसानों की आय को कैसे दो गुना किया जाए,243
02003680001_chunk_024.wav,उनका नाम भी आपने सुना होगा जो जीरो बजट खेती की बात कहते हैं और गंवा है आधारित खेती की बात करते हैं कि,उनका नाम भी आपने सुना होगा जो जीरो बजट खेती की बात कहते हैं और गवाधारित खेती की बात करते हैं कि,244
02003680001_chunk_029.wav,वो आम व्यक्ति,वो आम व्यक्ति,245
02003680001_chunk_042.wav,वीडियो में मैंने पहले बताया था कि आज इस देश का,वीडियो में मैंने पहले बताया था कि आज इस देश का,246
02003680001_chunk_049.wav,किसान के बेटे हैं,किसान के बेटे हैं,247
02003680001_chunk_074.wav,वो एक जोड़ी बैल रखता था,वो एक जोड़ी बैल रखता था,248
02003680001_chunk_075.wav,अपने उसके निजी बैल थे और चूंकि तीन एकड़ जमीन थी तो वो किसान अपनी खेती स्वय कर लेता था यानि बैलों से खेतों की जोताई बुआई का काम सारा स्वयं कर लेता था,अपने उसके निजी बैल थे और जोकि तीन एकड़ जमीन थी तो वो किसान अपनी खेती स्वयं कर लेता था यानि बैलों से खेतों की जुताई बुआई का,249
02003680001_chunk_075.wav,अपने उसके निजी बैल थे और चूंकि तीन एकड़ जमीन थी तो वो किसान अपनी खेती स्वय कर लेता था यानि बैलों से खेतों की जोताई बुआई का काम सारा स्वयं कर लेता था,काम सरा स्वयं कर लेता था,249
02003680001_chunk_078.wav,जिसकी कोई रोजी रोटी नहीं थी,जिसकी कोई रोजी रोटी नहीं थी,250
02003680001_chunk_080.wav,बड़े किसान का खेत जोतना फसलों की बुआई करना फसलों की निकाई गुराई करना,बड़े किसान का खेद जोतना फसलों की बुआई करना फसलों की निकाई गुलाई करना,251
02003680001_chunk_082.wav,तो गांव में कहीं भी किसी को खाने की समस्या नहीं थी,तो गांव में कहीं भी किसी को खाने की समस्या नहीं थी,252
02003680001_chunk_090.wav,और उसने अपनी खेती ट्रैक्टर से प्रारंभ की गांव के दस लोगों की ओर खेती ट्रेक्टर से प्रारंभ हो गई,और उसने अपनी खेती टरैक्टर से प्रारंभ की गांव के दस लोगों की और खेती टैक्टर से प्रारंभ हो गई,253
02003680001_chunk_091.wav,आज की तारीख में हर गांव में दस परसेंट लोगों के पास ट्रेक्टर है,आज की तारीख में हरगांव में दस परसेंट लोगों के पास टेक्टर है,254
02003680001_chunk_092.wav,एक हिंदुस्तान के जो ग्रामीण सेक्टर का जो ट्रैक्टर का जो आंकड़ा है वो लगभग लगभग व परसेंट लोगों के पास से ट्रैक्टर हैं नब्बे परसंट लोगों के पास टैक्टर बिल्कुल नहीं और उनके पास बैल भी नहीं है,एक हिंदुस्तान के जो ग्रामीण सेक्टर का जो टैक्टर का जो आंकड़ा है वो लगभग लगभग नौ दस परसेंट लोों के पास सआत टैक्टर है नब्बे परसेंट लोगों,255
02003680001_chunk_092.wav,एक हिंदुस्तान के जो ग्रामीण सेक्टर का जो ट्रैक्टर का जो आंकड़ा है वो लगभग लगभग व परसेंट लोगों के पास से ट्रैक्टर हैं नब्बे परसंट लोगों के पास टैक्टर बिल्कुल नहीं और उनके पास बैल भी नहीं है,के पास टरैक्टर बिल्कुल नहीं है और उनके पास बैल भी नहीं है,255
02003680001_chunk_098.wav,पिछले पच्चीस साल का डाँटा उठा लीजिए,पिछले पच्चीस साल का डाटा उठा लीजिए,256
02003680001_chunk_100.wav,जिनके पास ट्रैक्टर है उन किसानों ने भी आत्महत्या नहीं की,जिनके पास ट्ैक्टर है उन किसानों ने भी आत्महत्या नहीं की,257
02003680001_chunk_106.wav,बहुत बड़ा स्तंभ है,बहुत बड़ा स्तंभ है,258
02003680001_chunk_121.wav,कि ईश्वर हमको भी छोड़ देगा,ईश्वर हमको भी छोड़ देगा,259
02003680001_chunk_123.wav,पूरे,पूरे,260
02003680001_chunk_128.wav,उत्पादन बढ़ाने से आय घटती है बढ़ती नहीं है,उत्पादन बढ़ाने से आय घटती है बढ़ती नहीं है,261
02003680001_chunk_134.wav,क्योंकि इन फसलों की अंतर्गत एरिया बहुत ज्यादा है उत्पादन बहुत ज्यादा है,क्योंकि इन फसलों की अंतर्गत एरिया बहुत ज्यादा है उत्पादन बहुत ज्यादा है,262
02003680001_chunk_140.wav,का संरक्षण करके,का संरक्षण करके,263
02003680001_chunk_153.wav,बैल बना लेते थे और खेती की जुताई का काम करते थे,बैल बना लेते थे और खेती की जुताई का काम करते थे,264
02003680001_chunk_154.wav,आज क्योंकि हम बैल से खेती नहीं करते इसलिए गाय के जो नर हैं,आज चूकि हम बैल से खेती नहीं करते इसलिए गाय के जो नर हैं,265
02003680001_chunk_155.wav,जो मेल हैं,जो मेल हैं,266
02003680001_chunk_181.wav,हम मादा को या नर को खत्म करेंगे,हम मादा को या नर को खत्म करेंगे,267
02003680001_chunk_184.wav,और पशुओं के मलमूत्र से गोबर मिलता था गोबर सड़ता था और वो खेतों में उपयोग होता था,और पशुओं के मलमूत्र से गोबर मिलता था और गोबर सड़ता था और वो खेतों में उपयोग होता था,268
02003680001_chunk_232.wav,कई लोग ये दलील देते हैं,कई लोग ये दलील देते हैं,269
02003680001_chunk_234.wav,मुझे बड़ी हंसी आती,मुझे बड़ी हसी आती,270
02003680001_chunk_238.wav,किसान बहुत कम है आबादी बहु कम है हमारे देश में तो देखे दो चीजें हैंजो गांव के बीस पर्सेन्ट भूमिहीन परिवार,किसान बहुत कम ह आबादी बहत कम है हमारे देश में तो देखिए दो चीजें है जो गांव के बीस परसेंट भूमिहीन परिवार,271
02003680001_chunk_243.wav,इस देश में पिछले पच्चीस सालों में एक भी डांटा नहीं है कि जिस किसान के पास बैल से खेती करता और उसने आत्महत्या किया और जो आत्महत्या करने वाले लोग हैं,इस देश में पिछले पच्चीस सालों में एक भी डाटा नहीं है कि जिस किसान के पास बैल से खेती कर्ता और उसने आत्महत्या की और जो आत्महत्या,272
02003680001_chunk_243.wav,इस देश में पिछले पच्चीस सालों में एक भी डांटा नहीं है कि जिस किसान के पास बैल से खेती करता और उसने आत्महत्या किया और जो आत्महत्या करने वाले लोग हैं,करने वाले लोग हैं,272
02003680001_chunk_249.wav,किराए के ट्रैक्टर से खेती कराता है,किराई के ट्रैक्टर से खेती कराता है,273
02003680001_chunk_259.wav,फसलों में इंसेक्ट का कारण है,फसलों में इंसेक्ट का कारण है,274
02003680001_chunk_260.wav,पक्षियों का नष्ट हो जाना,पक्षियों का नष्ट हो जाना,275
02003680001_chunk_270.wav,किसान से थोड़ी सी भी हमदर्दी है,किसान से थोड़ी सी भी हम दर्दी है,276
02003680001_chunk_272.wav,वो इन विषयों पर थोड़ा आत्म साथ करें आत्मचिंतन करें,वो इन विषयों पर थोड़ा ्आत्मसाथ करें आत्मचिंतन करें,277
02003680001_chunk_281.wav,विषय वहां तक जाता है,विषय वहां तक जाता है,278
02003680001_chunk_298.wav,जो परम परागत खेती है जिसको आप प्रमोट करना चाहते हैं,जो परंपरागत खेती है जिसको आप प्रमोट करना चाहते हैं,279
02003680001_chunk_300.wav,तो दो चीजों को सुनिश्चित करना पड़ेगा कि मैकेनाइज पर मैकेनाइज खेती पर कोई अनुदान नहीं रसायनिक उर्वरकों पर कोई अनुदान नहीं,तो दो चीजों को सुनिश्चित करना पड़ेगा कि मैकेनाइज पर माैकेनाइज खेती पर कोई अनुदान नहीं रसायनिक उर्बरकों पर कोई अनुदान नहीं,280
