Ourmodel,Hypothesis,Predictions
और सामने ज मुझे दिख रही ै,और सामने ज मुझे दिख रही ै,और सामने जज मुझे दिख रही है
तो ये,तो ये,तो ये
लाइन में रो में बड़े बड़े पेड़ पड़े हू,लाइन में रो में बड़े बड़े पेड़ पड़े हू,लाइन में रो में बड़ेबड़े पेड़ पड़े हूं
,,
सर्दियों में खूब अच्छे से पीला फूल देगी,सर्दियों में खूब अच्छे से पीला फूल देगी,सर्दियों में खूब अच्छे से पीला फूल देगी
मुझे ये पर्सनली ये साइज काफी अच्छा लगता है,मुझे ये पर्सनली ये साइज काफी अच्छा लगता है,मुझे ये पर्सनली ये साइज काफी अच्छा लगता है
ये मैं पेंट जो मेरे छत का पेंट का कलर में चूज करती हू वो कराती रहती हूं पहले ये पैरेट ग्रीन थे अभी होगए और उससे क्या हता,ये मैं पेंट जो मेरे छत का पेंट का कलर में चूज करती हू वो कराती रहती हूं पहले ये पैरेट ग्रीन थे अभी होगए और उससे क्या हता,ये मैं पेंट जो मेरे छत का पेंट का कलर में चूज करती हूं वो कराती रहती हूं पहले ये पैरेट ग्रीन थे अभी हो गए और उससे क्या हता
इस वीडियो को शुरू करने से पहले हम आपको एक ऐप की जानकारी देना चाहते हैं,इस वीडियो को शुरू करने से पहले हम आपको एक ऐप की जानकारी देना चाहते हैं,इस वीडियो को शुरू करने से पहले हम आपको एक ऐप की जानकारी देना चाहते हैं
तो बचपन से ही मेरी इच्छा थी कि हम घर पे जाके काम करें तो उस वक्त त एकटाटा चा ाहय बगान मुनार में नौकरी भी लगी लेकिन मेरा दिल था गांव में और जब हम गांव पहुंचे और पिताजी को बोले कि मुझे खेती करना है,तो बचपन से ही मेरी इच्छा थी कि हम घर पे जाके काम करें तो उस वक्त त एकटाटा चा ाहय बगान मुनार में नौकरी भी लगी लेकिन मेरा दिल था गांव में और जब हम गांव पहुंचे और पिताजी को बोले कि मुझे खेती करना है,तो बचपन से ही मेरी इच्छा थी कि हम घर पे जाके काम करें तो उस वक्त तक टाटा चाहिए बगान मुनार में नौकरी भी लगी लेकिन मेरा दिल था गांव में और जब हम गांव पहुंचे और पिताजी को बोले कि मुझे खेती करना है
और इससे भी फल जब होते थे तो पिता जी को,और इससे भी फल जब होते थे तो पिता जी को,और इससे भी फल जब होते थे तो पिता जी को
जिस लीची के बाग को हम छह लाख सात लाख में बेचते थे उसको एक समय आया जब बत्तीस लाख तक हमने पहुंचा दिया और ये सिर्फ माइक्रो इरिगेशन की बदौलत था,जिस लीची के बाग को हम छह लाख सात लाख में बेचते थे उसको एक समय आया जब बत्तीस लाख तक हमने पहुंचा दिया और ये सिर्फ माइक्रो इरिगेशन की बदौलत था,जिस लीची के बाग को हम छह लाख सात लाख में बेचते थे उसको एक समय आया जब बत्तीस लाख तक हमने पहुंचा दिया और यह सिर्फ माइक्रो इरिगेशन की बदौलत था
डिपेंडिंग अपान डिस्टेंस पाइप का डायोमीटर चेंज है,डिपेंडिंग अपान डिस्टेंस पाइप का डायोमीटर चेंज है,डिपेंडिंग अपान डिस्टेंस पाइप का डायोमीटर चेंज है
और बाकी कोई चीज में नहीं देना है,और बाकी कोई चीज में नहीं देना है,और बाकी कोई चीज में नहीं देना है
डी बोरवेल पंप जिसमें,डी बोरवेल पंप जिसमें,डी बोरवेल पंप जिसमें
और उसको एडवांस मे पर्चेज करके रखना सोदैट की पीक सीजन में अगर कोई भी मोसीबत आए मशीन में तो उसका क्रिटिकल स्पेरपाटस हमारे पास रहना चाहिए क्योंकि यहां रिपेयर भी हम लोग कोत हैं,और उसको एडवांस मे पर्चेज करके रखना सोदैट की पीक सीजन में अगर कोई भी मोसीबत आए मशीन में तो उसका क्रिटिकल स्पेरपाटस हमारे पास रहना चाहिए क्योंकि यहां रिपेयर भी हम लोग कोत हैं,और उसको एडवांस में पर्चेज करके रखना सोडेट की पीक सीजन में अगर कोई भी मोसीबत आए मशीन में तो उसका क्रिटिकल स्पेरपॉट्स हमारे पास रहना चाहिए क्योंकि यहां रिपेयर भी हम लोग कोत हैं
क्योंकि उससे हमको प्रीमियम चाहिए,क्योंकि उससे हमको प्रीमियम चाहिए,क्योंकि उससे हमको प्रीमियम चाहिए
बैललोर भेजे हैं और,बैललोर भेजे हैं और,बैललोर भेजे हैं और
और तीसरा,और तीसरा,और तीसरा
इनकम हो सकता है,इनकम हो सकता है,इनकम हो सकता है
और अगर खेती के बारे में चाहिए और भी ज्ञान तो इस वीडियो को करें लाइव चैनल को सब्सक्राइब और देखते रहिए हेलो किसान,और अगर खेती के बारे में चाहिए और भी ज्ञान तो इस वीडियो को करें लाइव चैनल को सब्सक्राइब और देखते रहिए हेलो किसान,और अगर खेती के बारे में चाहिए और भी ज्ञान तो इस वीडियो को करें लाइव चैनल को सब्सक्राइब और देखते रहिए हेलो किसान
कृषक जगत की ओर से किसान चैनल की ओर से किसान,कृषक जगत की ओर से किसान चैनल की ओर से किसान,कृषक जगत की ओर से किसान चैनल की ओर से किसान
सभी जगह पर बारिश के फोफन में जब नए पशु बाल अवस्था में जब पैदा होते हैं,सभी जगह पर बारिश के फोफन में जब नए पशु बाल अवस्था में जब पैदा होते हैं,सभी जगह पर बारिश के फोफन में जब नए पशु बाल अवस्था में जब पैदा होते हैं
आपके काफी लेख दूषक जगत में दूरदर्शन में आकाशवाणी में और ्य,आपके काफी लेख दूषक जगत में दूरदर्शन में आकाशवाणी में और ्य,आपके काफी लेख दूषक जगत में दूरदर्शन में आकाशवाणी में
और काफी हिंदी प्रदेशों में भी देखा जा रहा है,और काफी हिंदी प्रदेशों में भी देखा जा रहा है,और काफी हिन्दी प्रदेशों में भी देखा जा रहा है
हम आपसे डॉक्साब के लेक्चर के बाद प्रश्नोत्तरी कार्यक्रम के जब आप अपनी समस्याएं डॉक्टर िसाब से पूछ सकेंगे,हम आपसे डॉक्साब के लेक्चर के बाद प्रश्नोत्तरी कार्यक्रम के जब आप अपनी समस्याएं डॉक्टर िसाब से पूछ सकेंगे,हम आपसे डॉक्टर के लेक्चर के बाद प्रश्नोत्तरी कार्यक्रम के जब आप अपनी समस्याएं डॉक्टर सिसाब से पूछ सकेंगे
किसान भाइयों पशुपालक भाइयों सभी जो दर्शक जो मुझसे जुड़े हुए हैं,किसान भाइयों पशुपालक भाइयों सभी जो दर्शक जो मुझसे जुड़े हुए हैं,किसान भाइयों पशुपालक भाइयों सभी जो दर्शक जो मुझसे जुड़े हुए हैं
इस माध्यम के जरिए जो वैज्ञानिक जानकारियां हैं आधुनिक जानकारियां हैं उससे पशुपालकों और किसानों को दोचार कराना,इस माध्यम के जरिए जो वैज्ञानिक जानकारियां हैं आधुनिक जानकारियां हैं उससे पशुपालकों और किसानों को दोचार कराना,इस माध्यम के जरिए जो वैज्ञानिक जानकारियां हैं आधुनिक जानकारियां हैं उससे पशुपालकों और किसानों को दोचार कराना चाहिए
जैसा कि सचिन भाई ने बताया कि यदि नौजात शिशु आज से नहीं होंगे या हम उनको जिंदा नहीं रख पाएंगे तो कल के,जैसा कि सचिन भाई ने बताया कि यदि नौजात शिशु आज से नहीं होंगे या हम उनको जिंदा नहीं रख पाएंगे तो कल के,जैसा कि सचिन भाई ने बताया कि यदि नौजात शिशु आज से नहीं होंगे या हम उनको जिंदा नहीं रख पाएंगे तो कल के
सबसे पहले जो आप स्लाइड देखेंगे मैं क स्क्रीन शेयर कर रहा हूँ उसमें आपको नजर आएगा,सबसे पहले जो आप स्लाइड देखेंगे मैं क स्क्रीन शेयर कर रहा हूँ उसमें आपको नजर आएगा,सबसे पहले जो आप स्लाइड देखेंगे मैं स्क्रीन शेयर कर रहा हूं उसमें आपको नजर आएगा
पालन का काम कर रहा है खास तौर से भैसओं में नौजात पशुओं की मृत्यु के अवसर बहुत ज्यादा होते हैं,पालन का काम कर रहा है खास तौर से भैसओं में नौजात पशुओं की मृत्यु के अवसर बहुत ज्यादा होते हैं,पालन का काम कर रहा है खासतौर से भैंसों में नौजात पशुओं की मृत्यु के अवसर बहुत ज्यादा होते हैं
एक के बाद एक हम चर्चा करें कि च्यों ऐसा होता है सबसे पहले हम बात करते हैं कि भैसों की स्थिति क्या है,एक के बाद एक हम चर्चा करें कि च्यों ऐसा होता है सबसे पहले हम बात करते हैं कि भैसों की स्थिति क्या है,एक के बाद एक हम चर्चा करें कि च्यों ऐसा होता है सबसे पहले हम बात करते हैं कि भैंसों की स्थिति क्या है
ह भैसो और भैसों की संख्या में पूरे विश्व में प्रथम है कोई ये पहला पायतान यहीं जाकर क्षमता नहीं है,ह भैसो और भैसों की संख्या में पूरे विश्व में प्रथम है कोई ये पहला पायतान यहीं जाकर क्षमता नहीं है,यह भैसो और भैसो की संख्या में पूरे विश्व में प्रथम है कोई यह पहला पायतान यहीं जाकर क्षमता नहीं है
हम दु्ध उत्पादन में भी पहले नंबर पर हैं पूरे विश्व में भारत ेक क्रांति की जो पताका है उसको फहरा रहा है,हम दु्ध उत्पादन में भी पहले नंबर पर हैं पूरे विश्व में भारत ेक क्रांति की जो पताका है उसको फहरा रहा है,हम दुद्ध उत्पादन में भी पहले नंबर पर हैं पूरे विश्व में भारत एक क्रांति की जो पताका है उसको फहरा रहा है
भारत में पूरे मुल्ख में पिचपन प्रतिशत से ज्यादा हिस्सा देशों के जरिए आता है,भारत में पूरे मुल्ख में पिचपन प्रतिशत से ज्यादा हिस्सा देशों के जरिए आता है,भारत में पूरे मुल्क में पिचपन प्रतिशत से ज्यादा हिस्सा देशों के जरिए आता है
स्थानीय है और वो दूध देने वाली नसले तह ही नहीं ज्यादातर नसले हमारे,स्थानीय है और वो दूध देने वाली नसले तह ही नहीं ज्यादातर नसले हमारे,स्थानीय है और वो दूध देने वाली नसले तह ही नहीं ज्यादातर नसले हमारे
स्वाद में थोड़ा सा प्रेशो के मुकाबले हल्का होता है लेकिन हम ये भी बात मानते हैं कि,स्वाद में थोड़ा सा प्रेशो के मुकाबले हल्का होता है लेकिन हम ये भी बात मानते हैं कि,स्वाद में थोड़ा सा प्रेशो के मुकाबले हल्का होता है लेकिन हम ये भी बात मानते हैं कि
और सबसे इंपोर्टेंट बात तो आज हम चर्चा करने वाले हैं कि बैसों के पारे पाियों में शिशुओं में वस्तों में,और सबसे इंपोर्टेंट बात तो आज हम चर्चा करने वाले हैं कि बैसों के पारे पाियों में शिशुओं में वस्तों में,और सबसे इंपोर्टेंट बात तो आज हम चर्चा करने वाले हैं कि बैसों के पारे पायों में शिशुओं में वस्तों में
हमारे एक मालवी में कहा बचे हम मालवा में गाँव में जाते हैं तो हम बात करतेमालवा वासियों से,हमारे एक मालवी में कहा बचे हम मालवा में गाँव में जाते हैं तो हम बात करतेमालवा वासियों से,हमारे एक मालवी में कहा बचे हम मालवा में गांव में जाते हैं तो हम बात करते हैं
जो चालीस प्रतिशत जो मौतें होती है वो ये हती कि जो फैस से माता से जो बच्चा पड़ रहा है,जो चालीस प्रतिशत जो मौतें होती है वो ये हती कि जो फैस से माता से जो बच्चा पड़ रहा है,जो चालीस प्रतिशत जो मौतें होती है वो यह हती कि जो फैस से माता से जो बच्चा पड़ रहा है
तो माता के शरीर से इमिनोग्लोबलिन के रूप में,तो माता के शरीर से इमिनोग्लोबलिन के रूप में,तो माता के शरीर से इमिनोग्लोबलिन के रूप में
वो शिशुओं में नहीं पहुंच पातीब जब शिशु पैदा होता है तो माता से जो उसे जो रेडीमेट रेजिस्टरेंस पावर मिलना चाहिए,वो शिशुओं में नहीं पहुंच पातीब जब शिशु पैदा होता है तो माता से जो उसे जो रेडीमेट रेजिस्टरेंस पावर मिलना चाहिए,वो शिशुओं में नहीं पहुंच पातीब जब शिशु पैदा होता है तो माता से जो उससे जो रेडीमेट रेजिस्टरेंस पावर मिलना चाहिए
हम इस आंकड़े को पचपन प्रतिशत से घटाकर पाँच दशमलव नौ पाँच परसेंट यानि छः परसेंट तक कम कर सकते हैं,हम इस आंकड़े को पचपन प्रतिशत से घटाकर पाँच दशमलव नौ पाँच परसेंट यानि छः परसेंट तक कम कर सकते हैं,हम इस आंकड़े को पचपन प्रतिशत से घटाकर पांच दशमलव नौ पांच परसेंट यानि छह परसेंट तक कम कर सकते हैं
सबसे पहला कारं ट मैंने आपको बताया था कि नवजात में,सबसे पहला कारं ट मैंने आपको बताया था कि नवजात में,सबसे पहला कारंट मैंने आपको बताया था कि नवजात में
ैसेी बच्चा प्सुती होगी मैं स की कापकोसे गायो के लिए आप तुरंत पहले घंटे में,ैसेी बच्चा प्सुती होगी मैं स की कापकोसे गायो के लिए आप तुरंत पहले घंटे में,इससे बच्चा पसुती होगी मैं एक हज़ार नौ सौ पचास की कापकोसे गायों के लिए आप तुरंत पहले घंटे में
जुंदर बस्सो होता है वो बेचा रा उसको दूरी नहीं पिलाते हैं उसको उतना ही तो पिलाते हैं कि जस उसके ठन पर ले जाएगे उसको छोड़ेंगे,जुंदर बस्सो होता है वो बेचा रा उसको दूरी नहीं पिलाते हैं उसको उतना ही तो पिलाते हैं कि जस उसके ठन पर ले जाएगे उसको छोड़ेंगे,जुंदर बस्सो होता है वो बेचा रहा उसको दूरी नहीं पिलाते हैं उसको उतना ही तो पिलाते हैं कि जस उसके ठन पर ले जाएंगे उसको छोड़ेंगे
उसके साथ मेंलये ये मतलब उनको पटनीय होगा,उसके साथ मेंलये ये मतलब उनको पटनीय होगा,उसके साथ में यह मतलब उनको पटनीय होगा
तो प्रिं प्रिंट मीडिया का कोई कोई जोड़ नहीं है दूइसलि मे कह रा हो कि आपहमलोग प्रकाशित करेंगे तो ज्यादा बेहतर होगा,तो प्रिं प्रिंट मीडिया का कोई कोई जोड़ नहीं है दूइसलि मे कह रा हो कि आपहमलोग प्रकाशित करेंगे तो ज्यादा बेहतर होगा,तो प्रिंप्रिंट मीडिया का कोईकोई जोड़ नहीं है दूर इसलिए में कह रहा हो कि आप हम लोग प्रकाशित करेंगे तो ज्यादा बेहतर होगा
जो तीसरे दिन हम ने किया था यानी जो पिपरेजीन पैरातीन द्राओ और नॉर प्ॉक्ससीन का एक कोर्स किया था,जो तीसरे दिन हम ने किया था यानी जो पिपरेजीन पैरातीन द्राओ और नॉर प्ॉक्ससीन का एक कोर्स किया था,जो तीसरे दिन हम ने किया था यानी जो पिपरेजीन पैरातीन द्राओं और नॉर पॉक्ससीन का एक कोर्स किया था
अब सातवें दिन पे अब हमारे पास कॉलेस्ट्रम नहीं है,अब सातवें दिन पे अब हमारे पास कॉलेस्ट्रम नहीं है,अब सातवें दिन पे अब हमारे पास कॉलेस्ट्रम नहीं है
बैसों के बच्चों में पक्सिडियोसीसनान की बीमारी होती ै,बैसों के बच्चों में पक्सिडियोसीसनान की बीमारी होती ै,बैसों के बच्चों में पक्सिडियोसीसनान की बीमारी होती है
तो त जाने कि जो महत्वपण महत्व का पशु है,तो त जाने कि जो महत्वपण महत्व का पशु है,तो त जाने कि जो महत्वपण महत्व का पशु है
इसलिए आपको इस कोर्स को करना चाहिए पशु चिकित्सक की निगरानी में करेंतो भेतरे परहाँ मिदरल मेस्टर और विटामिन ए,इसलिए आपको इस कोर्स को करना चाहिए पशु चिकित्सक की निगरानी में करेंतो भेतरे परहाँ मिदरल मेस्टर और विटामिन ए,इसलिए आपको इस कोर्स को करना चाहिए पशु चिकित्सक की निगरानी में करें तो भेतरे परहां मिदरल मेस्टर और विटामिन ए
ये पशुओं को मिंरल मिक्सर देै भी कॉंप्लेक्स से ती तो सोने में सुधार ा जैसी बात होगी,ये पशुओं को मिंरल मिक्सर देै भी कॉंप्लेक्स से ती तो सोने में सुधार ा जैसी बात होगी,ये पशुओं को मिंरल मिक्सर दें भी कॉम्प्लेक्स से तीन हज़ार सात सौ बाईस तो सोने में सुधार जैसी बात होगी
आप उसके जीने के आसार को और बढ़ाते जाइंए तो ये मैं अपना,आप उसके जीने के आसार को और बढ़ाते जाइंए तो ये मैं अपना,आप उसके जीने के आसार को और बढ़ाते जाइंए तो ये मैं अपना
तो मेरा पहला प्रश्न ये है,तो मेरा पहला प्रश्न ये है,तो मेरा पहला प्रश्न ये है
डोकोशक जगत द्वारा प्रकाशित की गई है ये हम आपको पार सवरूप भेजेंगे आप उतना कमेंट बॉक्स में,डोकोशक जगत द्वारा प्रकाशित की गई है ये हम आपको पार सवरूप भेजेंगे आप उतना कमेंट बॉक्स में,डोकोशक जगत द्वारा प्रकाशित की गई है ये हम आपको पार स्वरूप भेजेंगे आप उतना कमेंट बॉक्स में
सबसे पहला उत्तर,सबसे पहला उत्तर,सबसे पहला उत्तर
डॉक्टर साहब यहां पर हैं जो भी आज बातें बताई गई हैं,डॉक्टर साहब यहां पर हैं जो भी आज बातें बताई गई हैं,डॉ साहब यहां पर हैं जो भी आज बातें बताई गई हैं
पशुपालन से संबंधित नवजात की डेथ रेट को रोकने से संबंधित तो उसमें आप अपने प्रश्न पूछ सकते हैं,पशुपालन से संबंधित नवजात की डेथ रेट को रोकने से संबंधित तो उसमें आप अपने प्रश्न पूछ सकते हैं,पशुपालन से संबंधित नवजात की डेथ रेट को रोकने से संबंधित तो उसमें आप अपने प्रश्न पूछ सकते हैं
जी,जी,जी
रेखा जी आपको,रेखा जी आपको,रेखा जी आपको
जी कमल स्वामी जी श्री निवास जी आप भी अपना प्रश्न कर सकते हैं आपको एलआउटपू टॉक कर दिया गया है,जी कमल स्वामी जी श्री निवास जी आप भी अपना प्रश्न कर सकते हैं आपको एलआउटपू टॉक कर दिया गया है,जी कमलस्वामी जी श्रीनिवास जी आप भी अपना प्रश्न कर सकते हैं आपको एलआउट पू टॉक कर दिया गया है
लेकिन उस टाइम में मदर बफैलों का डायट क्या होना चाहिए या जरा विस्तृत करेंगे,लेकिन उस टाइम में मदर बफैलों का डायट क्या होना चाहिए या जरा विस्तृत करेंगे,लेकिन उस टाइम में मदर बफैलों का डायट क्या होना चाहिए या जरा विस्तृत करेंगे
जी बहुत अच्छा प्रश्न है,जी बहुत अच्छा प्रश्न है,जी बहुत अच्छा प्रश्न है
पशु पालकों में ये है ये मैं हम लोग फील्ड में जाते हैं,पशु पालकों में ये है ये मैं हम लोग फील्ड में जाते हैं,पशु पालकों में ये है ये मैं हम लोग फील्ड में जाते हैं
और खुदाना खासता अगर ही गर्भवर्ती मात्रा दूध भी दे रही है,और खुदाना खासता अगर ही गर्भवर्ती मात्रा दूध भी दे रही है,और खुदाना खासता अगर ही गर्भवर्ती मात्रा दूध भी दे रही है
आपने नौ जार पशु उस भैस और दूग्ध उत्पादन केके साथ कितना बड़ा खिलवाड़ किया है,आपने नौ जार पशु उस भैस और दूग्ध उत्पादन केके साथ कितना बड़ा खिलवाड़ किया है,आपने नौ हजार पशु उस भैस और दूग्ध उत्पादन के साथ कितना बड़ा खिलवाड़ किया है
पशुपालक को सतर्क सजग और चौकस हो जाना चाहिए,पशुपालक को सतर्क सजग और चौकस हो जाना चाहिए,पशुपालक को सतर्क सजग और चौकस हो जाना चाहिए
जी,जी,जी
यजो जो बदिया बोलते हैं जिस पो फिक्स बोलते हैं ये हमारे डेरी फार्म के दीवारों की जो छोटेछोटे,यजो जो बदिया बोलते हैं जिस पो फिक्स बोलते हैं ये हमारे डेरी फार्म के दीवारों की जो छोटेछोटे,जो जो बदिया बोलते हैं जिस पो फिक्स बोलते हैं ये हमारे डेरी फार्म के दीवारों की जो छोटेछोटे
दरारी होती है डिवाइसेोती उसके छुटके बैठती है और जीजी जीशरीर कर उनका प्रजनन प्रक्रिया चालू होती है,दरारी होती है डिवाइसेोती उसके छुटके बैठती है और जीजी जीशरीर कर उनका प्रजनन प्रक्रिया चालू होती है,दरारी होती है डिवाइसेफोती उसके छुटके बैठती है और जीजीजी शरीर कर उनका प्रजनन प्रक्रिया चालू होती है
पशु को चाटने मत दीजिए और एक आधे घंटे घंटे में पशुशु जाता है तोति उसके बाद सारे एक ्लाइस होते है वो झड़के गर जाते हैं,पशु को चाटने मत दीजिए और एक आधे घंटे घंटे में पशुशु जाता है तोति उसके बाद सारे एक ्लाइस होते है वो झड़के गर जाते हैं,पशु को चाटने मत दीजिए और एक आधे घंटेघंटे में पशुशु जाता है तोति उसके बाद सारे एक लाइस होते हैं वो झुकेगर जाते हैं
तो साइपर मेथरी बहुत सारी ऐसी दवाइयाँ आती हैं जो बाजार में मिलती हैं औ,तो साइपर मेथरी बहुत सारी ऐसी दवाइयाँ आती हैं जो बाजार में मिलती हैं औ,तो साइपर मेथरी बहुत सारी ऐसी दवाइयां आती हैं जो बाजार में मिलती हैं
टिक्स खतम होई नी र तो फिर बहुत सारे ऐसे इंजेक्शन ाते हैं आय मैक्टीन के इसके जरिए आप,टिक्स खतम होई नी र तो फिर बहुत सारे ऐसे इंजेक्शन ाते हैं आय मैक्टीन के इसके जरिए आप,टिक्स खतम होई नी और तो फिर बहुत सारे ऐसे इंजेक्शन आते हैं आय मैक्टीन के इसके जरिए आप
और सिर्फ दूध से कुछ री दूध से तो आप जो खर्चा करता है वोही निकल पाता है,और सिर्फ दूध से कुछ री दूध से तो आप जो खर्चा करता है वोही निकल पाता है,और सिर्फ दूध से कुछ री दूध से तो आप जो खर्चा करता है वो ही निकल पाता है
एक तो जैसे हमारी बैस सब ब्याती है,एक तो जैसे हमारी बैस सब ब्याती है,एक तो जैसे हमारी बैस सब ब्याती है
तो जब कसाइंटिफिक लिए कहते हैं कि एक घंटे के भीतर खेस बच्चो को मिल जाना चाहिए ये बजन का एक बटा दस बाक तो उस समय क्या स्थिति रेनी चाहिए,तो जब कसाइंटिफिक लिए कहते हैं कि एक घंटे के भीतर खेस बच्चो को मिल जाना चाहिए ये बजन का एक बटा दस बाक तो उस समय क्या स्थिति रेनी चाहिए,तो जब कसाइंटिफिक लिए कहते हैं कि एक घंटे के भीतर खेस बच्चों को मिल जाना चाहिए ये बजन का एक बटा दस बाक तो उस समय क्या स्थिति रेनी चाहिए
ोतो उसके बदरजी दूसरी चीज जैसे कि हम जानते हैं कि ग या भैस के जो बच्चे हैं,ोतो उसके बदरजी दूसरी चीज जैसे कि हम जानते हैं कि ग या भैस के जो बच्चे हैं,तो उसके बदरजी दूसरी चीज जैसे कि हम जानते हैं कि ग या भैस के जो बच्चे हैं
इसकिए पेट में जो कीड़े माके पेट से आते हैं जो बर्मस जो हैं,इसकिए पेट में जो कीड़े माके पेट से आते हैं जो बर्मस जो हैं,इसकिए पेट में जो कीड़े माके पेट से आते हैं जो बर्मस जो हैं
कि प्रेगनेंट एनिमल में वैक्सीनेशन नहीं करवाना चाहिए और या फिर जो पशु दूध दे रहे हैं उनमें वैक्सीनेशन नहीं करवाना चाहिए क्योंकि,कि प्रेगनेंट एनिमल में वैक्सीनेशन नहीं करवाना चाहिए और या फिर जो पशु दूध दे रहे हैं उनमें वैक्सीनेशन नहीं करवाना चाहिए क्योंकि,कि प्रेगनेंट एनिमल में वैक्सीनेशन नहीं करवाना चाहिए और या फिर जो पशु दूध दे रहे हैं उनमें वैक्सीनेशन नहीं करवाना चाहिए क्योंकि
और परेशानी आ सकती तो मना कर देते ं ज सी डॉक्टर इंजेक्शन निके जाता है तो मुझे डॉक् इस्कोल नहीं लगाना ये ये प्रेगनेंट है,और परेशानी आ सकती तो मना कर देते ं ज सी डॉक्टर इंजेक्शन निके जाता है तो मुझे डॉक् इस्कोल नहीं लगाना ये ये प्रेगनेंट है,और परेशानी आ सकती तो मना कर देते हैं जज सी डॉक्टर इंजेक्शन निके जाता है तो मुझे डॉक्टर इस्कोल नहीं लगाना यह यह प्रेगनेंट है
न वो आ आपके पशु को बचा रा है डीका तो फिर जाइ कि दो दिन कि दोसतं तो अपन सेन कर सकते हैं,न वो आ आपके पशु को बचा रा है डीका तो फिर जाइ कि दो दिन कि दोसतं तो अपन सेन कर सकते हैं,न वो आ आपके पशु को बचा रहा है डीका तो फिर जाइं कि दो दिन की दो सत्त तो अपन सेन कर सकते हैं
मैंने पाँच केस ऐसे देखे हैं जो मेरे पास आए थे जिनमें जो कॉलोस्ट्रेम था तो उन्होंने जो कॉलोजसफ्रम बचा था उन्होंने बहस को ही पिला दिया था तो वो,मैंने पाँच केस ऐसे देखे हैं जो मेरे पास आए थे जिनमें जो कॉलोस्ट्रेम था तो उन्होंने जो कॉलोजसफ्रम बचा था उन्होंने बहस को ही पिला दिया था तो वो,मैंने पांच केस ऐसे देखे हैं जो मेरे पास आए थे जिनमें जो कॉलोस्ट्रेम था तो उन्होंने जो कॉलोस्ट्रेम बचा था उन्होंने बहस को ही पिला दिया था तो वो है
अगला प्रश्न गणेश जी आ चुके हैं क्या,अगला प्रश्न गणेश जी आ चुके हैं क्या,अगला प्रश्न गणेश जी आ चुके हैं क्या
और मैं बताना चाहता हूँं जो सबसे पहले और सही जवाब आया था हमारे पुराने प्रश्न काज,और मैं बताना चाहता हूँं जो सबसे पहले और सही जवाब आया था हमारे पुराने प्रश्न काज,और मैं बताना चाहता हूं जो सबसे पहले और सही जवाब आया था हमारे पुराने प्रश्नकाज
सबसे ज़्यादा बैसें पाई जाती हैं तोजिसका सही जवाब हमें दिया था हड़क सुलंकी जी ने सबसे पहले दिया था,सबसे ज़्यादा बैसें पाई जाती हैं तोजिसका सही जवाब हमें दिया था हड़क सुलंकी जी ने सबसे पहले दिया था,सबसे छ्यादा बैसें पाई जाती हैं तो जिसका सही जवाब हमें दिया था हड़क सुलंकी जी ने सबसे पहले दिया था
बारिश के समय में जो सभी डेरी पालक हैं,बारिश के समय में जो सभी डेरी पालक हैं,बारिश के समय में जो सभी डेरी पालक हैं
इस समय हमारे साथ में काफ़ी डेरी से जुड़़े हुए लोग हैं तो मैं चाहता हूँ कि इस प्रश्न का जवाब,इस समय हमारे साथ में काफ़ी डेरी से जुड़़े हुए लोग हैं तो मैं चाहता हूँ कि इस प्रश्न का जवाब,इस समय हमारे साथ में काठी डेरी से जुड़े हुए लोग हैं तो मैं चाहता हूं कि इस प्रश्न का जवाब है
वेटनरी मेडिसिन ये भी दवाई से संबंधित ीनहै रूग से जहां बात है तो इसमें तकनीकी नाम भी दिए हुए हैं सभी दवाइयों के जो जो डक्षा भी यहां बता रहे हैं,वेटनरी मेडिसिन ये भी दवाई से संबंधित ीनहै रूग से जहां बात है तो इसमें तकनीकी नाम भी दिए हुए हैं सभी दवाइयों के जो जो डक्षा भी यहां बता रहे हैं,वेटनरी मेडिसिन यह भी दवाई से संबंधित ही न है रूग से जहां बात है तो इसमें तकनीकी नाम भी दिए हुए हैं सभी दवाईयों के जोजो डक्शा भी यहां बता रहे हैं
उन्हें किया गया है आप बात कर सकते हैं,उन्हें किया गया है आप बात कर सकते हैं,उन्हें किया गया है आप बात कर सकते हैं
जी जी,जी जी,जी जी
इन्होंने पूछा है कि दूत किन किन मार्केटिंग में सेल्स करते हैं,इन्होंने पूछा है कि दूत किन किन मार्केटिंग में सेल्स करते हैं,इन्होंने पूछा है कि दूत किन किन मार्केटिंग में सेल्स करते हैं
उसका वजन क्या है शरीर का ताकि पैले से राशन नापहलेसे राशन बनाना पड़ता है उसका,उसका वजन क्या है शरीर का ताकि पैले से राशन नापहलेसे राशन बनाना पड़ता है उसका,उसका वजन क्या है शरीर का ताकि पैले से राशन ना पहले से राशन बनाना पड़ता है उसका
उसका प्रोलैकस हो जाता है ये कुछ हॉर्मोनल प्रॉब्लम भी हो सकते हैं अंतसराी ग्रंथियों की,उसका प्रोलैकस हो जाता है ये कुछ हॉर्मोनल प्रॉब्लम भी हो सकते हैं अंतसराी ग्रंथियों की,उसका प्रोलैक्स हो जाता है ये कुछ हॉर्मोनल प्रॉब्लम भी हो सकते हैं अंतसरायी ग्रंथियों की
सके बहुत सारे कारण होते हैं लेकिन आपको उसका उपचार तुरंत करा लेना चाहिए,सके बहुत सारे कारण होते हैं लेकिन आपको उसका उपचार तुरंत करा लेना चाहिए,इसके बहुत सारे कारण होते हैं लेकिन आपको उसका उपचार तुरंत करा लेना चाहिए
तो इसका उपचार बहुत ज्यादा कठिन नहीं है आसान है पास ही के पशु चिकित्सक से संपर्क करना चाहिए और उसके कई मेडिसिनस आती हैं,तो इसका उपचार बहुत ज्यादा कठिन नहीं है आसान है पास ही के पशु चिकित्सक से संपर्क करना चाहिए और उसके कई मेडिसिनस आती हैं,तो इसका उपचार बहुत ज्यादा कठिन नहीं है आसान है पास ही के पशु चिकित्सक से संपर्क करना चाहिए और उसके कई मेडिसिंस आती हैं
आप मैस को खडी करें तो इस तरह से खडी करें गाय को जिसका बोले होरहा तो उसके अगले वाले पैर गड्ढे में रखे तो पीछे वाले पैरों को ऊँंचा कर दे,आप मैस को खडी करें तो इस तरह से खडी करें गाय को जिसका बोले होरहा तो उसके अगले वाले पैर गड्ढे में रखे तो पीछे वाले पैरों को ऊँंचा कर दे,आप मैस को खडी करें तो इस तरह से खडी करें गाय को जिसका बोले हो रहा है तो उसके अगले वाले पैर गड्ढे में रखे तो पीछे वाले पैरों को ऊंचा कर दें
और,और,और
जैसा कि किसान भाइयों,जैसा कि किसान भाइयों,जैसा कि किसान भाइयों
कृषक जगत के फेसबुक लाइव पर भी आज कुछ तकनीकी कारणों से हम इस कार्यक्रम को दिखा नहीं पाएगे लेकिन,कृषक जगत के फेसबुक लाइव पर भी आज कुछ तकनीकी कारणों से हम इस कार्यक्रम को दिखा नहीं पाएगे लेकिन,कृषक जगत के फेसबुक लाइव पर भी आज कुछ तकनीकी कारणों से हम इस कार्यक्रम को दिखा नहीं पाएंगे
हमारे किसान भाइयों को प्रश्नों के जवाब दे सकते हैं और मैं,हमारे किसान भाइयों को प्रश्नों के जवाब दे सकते हैं और मैं,हमारे किसान भाइयों को प्रश्नों के जवाब दे सकते हैं और मैं
ताकि वो उसका सही विवेचना कर पाएं सही तरह से डाइग्नोसिस कर पाएं बीमारी को उसके बाद ही दवाई दें,ताकि वो उसका सही विवेचना कर पाएं सही तरह से डाइग्नोसिस कर पाएं बीमारी को उसके बाद ही दवाई दें,ताकि वो उसका सही विवेचना कर पाए सही तरह से डाइग्नोसिस कर पाएं बीमारी को उसके बाद ही दवाई दें
भी मैं बहुत बहुत आबादी हूँ आप सभी का आभार सभी किसान भाईयों धन्यवाद,भी मैं बहुत बहुत आबादी हूँ आप सभी का आभार सभी किसान भाईयों धन्यवाद,सभी मैं बहुतबहुत आबादी हूं आप सभी का आभार सभी किसान भाईयों धन्यवाद
हम आपके साथ सिल अगले किसी प्रोग्राम में किसी विषय को लेकर किसान सत्र में जुड़ेंगे धन्यवाद,हम आपके साथ सिल अगले किसी प्रोग्राम में किसी विषय को लेकर किसान सत्र में जुड़ेंगे धन्यवाद,हम आपके साथ सिल अगले किसी प्रोग्राम में किसी विषय को लेकर किसान सत्र में जुड़ेंगे धन्यवाद
अभी भी बहुत न्यू कॉनसेप्ट है,अभी भी बहुत न्यू कॉनसेप्ट है,अभी भी बहुत न्यू कॉन्सेप्ट है
उस टाइम पे अपने क्यों शुरूआत कीइसकी,उस टाइम पे अपने क्यों शुरूआत कीइसकी,उस टाइम पे अपने क्यों शुरूआत की
डिस्कस फिस जो है किंग ऑफ एक्पेरियम्स माना जाता है,डिस्कस फिस जो है किंग ऑफ एक्पेरियम्स माना जाता है,डिस्कस फिस जो है किंग ऑफ एक्पेरियम्स माना जाता है
अगर कोई फार्मर इसको लेके ऐजेन प्रोफेशन या कुछ कमाई का दौर बनाना चाहता है तो उसके लिए,अगर कोई फार्मर इसको लेके ऐजेन प्रोफेशन या कुछ कमाई का दौर बनाना चाहता है तो उसके लिए,अगर कोई फार्मर इसको लेके ऐजेन प्रोफेशन या कुछ कमाई का दौर बनाना चाहता है तो उसके लिए
ये आपको,ये आपको,ये आपको
किस तरीके का वो होता है,किस तरीके का वो होता है,किस तरीके का वो होता है
तो फाइनली अगर देखेंगे तो अगर जो सीरियस हॉबेस्ट है ये आता है डिस्कस फिश रखने के शॉकपे वोइंटरनेट मीडिया पर,तो फाइनली अगर देखेंगे तो अगर जो सीरियस हॉबेस्ट है ये आता है डिस्कस फिश रखने के शॉकपे वोइंटरनेट मीडिया पर,तो फाइनली अगर देखेंगे तो अगर जो सीरियस हॉबेस्ट है यह आता है डिस्कस फिश रखने के शॉक पे वोइंटरनेट मीडिया पर
कभी आपको ऐसा दिक्कत हुआ या मेरे पास करोड़ों रुपये का ै इतना फिश है,कभी आपको ऐसा दिक्कत हुआ या मेरे पास करोड़ों रुपये का ै इतना फिश है,कभी आपको ऐसा दिक्कत हुआ या मेरे पास करोड़ों रुपये का है इतना फिश है
लेकिन हमने जब से शुरूआत किया आइहै मैं एक्सपेंड करता गया फाॉर्म बढ़ाता गया लोकेशन चेंज करता गया,लेकिन हमने जब से शुरूआत किया आइहै मैं एक्सपेंड करता गया फाॉर्म बढ़ाता गया लोकेशन चेंज करता गया,लेकिन हमने जब से शुरूआत किया है मैं एक्सपेंड करता गया फार्म बढ़ाता गया लोकेशन चेंज करता गया
फिश अच्छे से रखना सीख जाए हेल्दी रखे तो,फिश अच्छे से रखना सीख जाए हेल्दी रखे तो,फिश अच्छे से रखना सीख जाए हेल्दी रखे तो
कोई भी एक सेगमेंट को लेके गाइडेंस को लेके लोन रिलेटेड सब्सिडी रिलेटेड आप वहां से कॉनटैक्ट करके पूछ सकते हैं,कोई भी एक सेगमेंट को लेके गाइडेंस को लेके लोन रिलेटेड सब्सिडी रिलेटेड आप वहां से कॉनटैक्ट करके पूछ सकते हैं,कोई भी एक सेगमेंट को लेके गाइडेंस को लेके लोन रिलेटेड सब्सिडी रिलेटेड आप वहां से कॉन्टैक्ट करके पूछ सकते हैं
आपके यहां पर दूसरा हमारा जो ये फॉर्म है,आपके यहां पर दूसरा हमारा जो ये फॉर्म है,आपके यहां पर दूसरा हमारा जो ये फॉर्म है
उसको सब सरफेड ड्रिप इरिगेशन बोलते हैं,उसको सब सरफेड ड्रिप इरिगेशन बोलते हैं,उसको सब सरफेड ड्रिप इरिगेशन बोलते हैं
दस से बीस हजार तक जाता है,दस से बीस हजार तक जाता है,दस से बीस हजार तक जाता है
कई बार,कई बार,कई बार
जो कौरो थे,जो कौरो थे,जो कौरो थे
वो पाडमों को,वो पाडमों को,वो पाडमों को
खेती के साथ कुछ ऐसा ही है,खेती के साथ कुछ ऐसा ही है,खेती के साथ कुछ ऐसा ही है
जिसको तांस का पत्ता चोरी करना आता है,जिसको तांस का पत्ता चोरी करना आता है,जिसको तांस का पत्ता चोरी करना आता है
और उन बातों के पीछे काआर्थ यही होता है कि कोई न कोई चीज उसको बेंची जाती है क्या तो प्लांटिंग मैटीरियल बेंचा जाता है या,और उन बातों के पीछे काआर्थ यही होता है कि कोई न कोई चीज उसको बेंची जाती है क्या तो प्लांटिंग मैटीरियल बेंचा जाता है या,और उन बातों के पीछे का आर्थ यही होता है कि कोई न कोई चीज उसको बेंची जाती है क्या तो प्लांटिंग मैटीरियल बेंचा जाता है या
यथार्थ में वो समझ पाएया न समझ पाए,यथार्थ में वो समझ पाएया न समझ पाए,यथार्थ में वो समझ पाएया न समझ पाए
जो साधन संपन्न है जिनके घरों में कोई नौकरी करता है जिसके पास पच्चीस एकड पचास एकड़ जमीन है,जो साधन संपन्न है जिनके घरों में कोई नौकरी करता है जिसके पास पच्चीस एकड पचास एकड़ जमीन है,जो साधन संपन्न है जिनके घरों में कोई नौकरी करता है जिसके पास पच्चीस एकड़ पचास एकड़ जमीन है
जमीन की फर्टिलिटी हार चुके और आज ं,जमीन की फर्टिलिटी हार चुके और आज ं,जमीन की फर्टिलिटी हार चुके और आज
मेरा जो विचार है मेरा जो विषय है वो एक ही है कि प्राकृतिक खेती का मतलब है पंच महाभूत के साथ,मेरा जो विचार है मेरा जो विषय है वो एक ही है कि प्राकृतिक खेती का मतलब है पंच महाभूत के साथ,मेरा जो विचार है मेरा जो विचार है मेरा जो विषय है वो एक ही है कि प्राकृतिक खेती का मतलब है पंच महाभूत के साथ
और आजकल प्रैकटिक खेती के बारे में भी लोग कहते हैं कि ये इंइस इंसेक्ट को ऐसे खत्म करना है इस बीमारी को ऐसे खत्म करना है इसका मैनेजमेंट ऐसे करना ै इसका मैनेजमेंट ऐसे करना है,और आजकल प्रैकटिक खेती के बारे में भी लोग कहते हैं कि ये इंइस इंसेक्ट को ऐसे खत्म करना है इस बीमारी को ऐसे खत्म करना है इसका मैनेजमेंट ऐसे करना ै इसका मैनेजमेंट ऐसे करना है,और आजकल प्रैक्टिक खेती के बारे में भी लोग कहते हैं कि ये इस इंसेक्ट को ऐसे खत्म करना है इस बीमारी को ऐसे खत्म करना है इसका मैनेजमेंट ऐसे करना है इसका मैनेजमेंट ऐसे करना है इसका मैनेजमेंट ऐसे करना ह
अब उसके बाद अगर कोई दुश्मन बच गए तो आप क्या करेंगे तो फिर येक ्यों पा,अब उसके बाद अगर कोई दुश्मन बच गए तो आप क्या करेंगे तो फिर येक ्यों पा,अब उसके बाद अगर कोई दुश्मन बच गए तो आप क्या करेंगे तो फिर ये क्यों पा
तो फसल सुरक्षा रसायन बंद करने के लिए तो मैं प्राक्तिक खेती कर रहा था,तो फसल सुरक्षा रसायन बंद करने के लिए तो मैं प्राक्तिक खेती कर रहा था,तो फसल सुरक्षा रसायन बंद करने के लिए तो मैं प्राक्तिक खेती कर रहा था
धरती माता की उर्बरता को बढ़ाने के लिए,धरती माता की उर्बरता को बढ़ाने के लिए,धरती माता की उर्बरता को बढ़ाने के लिए
और इतनी मजबूत हो जाए,और इतनी मजबूत हो जाए,और इतनी मजबूत हो जाए
कई बार इसके बावजूद,कई बार इसके बावजूद,कई बार इसके बावजूद
और मैं ऐसा कैसे बूल जाता हूं कि ब,और मैं ऐसा कैसे बूल जाता हूं कि ब,और मैं ऐसा कैसे बूल जाता हूं कि ब
जिसने चमत्कार किया हो और खेती में एक चीज और बता दोँ,जिसने चमत्कार किया हो और खेती में एक चीज और बता दोँ,जिसने चमत्कार किया हो और खेती में एक चीज और बता दों
मेरी आज की इस वीडियो का मतलब है सरल भाषा में कह दूं तो किसान को,मेरी आज की इस वीडियो का मतलब है सरल भाषा में कह दूं तो किसान को,मेरी आज की इस वीडियो का मतलब है सरल भाषा में कह दूं तो किसान को
आप तो इस धरती को कंसीडर कर लीजिए बस क्या,आप तो इस धरती को कंसीडर कर लीजिए बस क्या,आप तो इस धरती को कंसीडर कर लीजिए बस क्या
बाहर से कहीं से खरीद करके ला सकते तो वो करो,बाहर से कहीं से खरीद करके ला सकते तो वो करो,बाहर से कहीं से खरीद करके ला सकते तो वो करो
तो आप कहानी आजकल एक चल रही है जीवामृत की जीवामृत की सिंपिल कहानही बताता हूँ फिर एक बार आप सुन लीजिए,तो आप कहानी आजकल एक चल रही है जीवामृत की जीवामृत की सिंपिल कहानही बताता हूँ फिर एक बार आप सुन लीजिए,तो आप कहानी आजकल एक चल रही है जीवामृत की जीवामृत की सिंपिल कहानी बताता हूं फिर एक बार आप सुन लीजिए
तो फिर उनका कारोबार चलेगा परासायनिक और बक डालिए मिट्टी की जांच कराइए फिर जमीन में इम बाैलेंस सोलह पोषक तत्वों के बीच में इम बैलेंस क्रिएट होंगे,तो फिर उनका कारोबार चलेगा परासायनिक और बक डालिए मिट्टी की जांच कराइए फिर जमीन में इम बाैलेंस सोलह पोषक तत्वों के बीच में इम बैलेंस क्रिएट होंगे,तो फिर उनका कारोबार चलेगा परासायनिक और बक डालिए मिट्टी की जांच कराइए फिर जमीन में इम बाईलेंस सोलह पोषक तत्वों के बीच में इम बैलेंस क्रिएट होंगे
और जो पैसा जेब में कमा किलाए हो,और जो पैसा जेब में कमा किलाए हो,और जो पैसा जेब में कमा किलाए हो
लेकिन एक दार्शनिक व्यक्ति,लेकिन एक दार्शनिक व्यक्ति,लेकिन एक दार्शनिक व्यक्ति
जो किसान की खेती है जो किसानी का कारोबार है जो संस्कृति है खेती एक संस्कृति है खेती संस्कार है खेती दर्शन है खेती आध्यात्म खेती भगवान की साक्षात पूजा,जो किसान की खेती है जो किसानी का कारोबार है जो संस्कृति है खेती एक संस्कृति है खेती संस्कार है खेती दर्शन है खेती आध्यात्म खेती भगवान की साक्षात पूजा,जो किसान की खेती है जो किसानी का कारोबार है जो संस्कृति है खेती एक संस्कृति है खेती संस्कार है खेती दर्शन है खेती आध्यात्म खेती भगवान की साक्षात पूजा
कि आप मेरी इस बात से सहमत होंगे और विचार करेंगे नमस्कार,कि आप मेरी इस बात से सहमत होंगे और विचार करेंगे नमस्कार,कि आप मेरी इस बात से सहमत होंगे और विचार करेंगे नमस्कार
और छाच वगैरह स्प्रे करवा देते एक दो,और छाच वगैरह स्प्रे करवा देते एक दो,और छाच व गैरह स्प्रे करवा देते एक दो
बाईस हजार से पच्चीस हजार किलोहै,बाईस हजार से पच्चीस हजार किलोहै,बाईस हजार से पच्चीस हजार किलो है
य जो इकनॉमिक साइकल बिठाना है,य जो इकनॉमिक साइकल बिठाना है,यह जो इकनॉमिक साइकल बिठाना है
और तीसरा मुद्दा रहेगा कि कोई भी नया अगर इस विषय पर काम शुरू करना चाहे वो डेयरी की तरफ बढ़े गौशाला की तरफ बढ़े या वो ब्रीडिंग की तरफ बढ़े डॉ ब पहले,और तीसरा मुद्दा रहेगा कि कोई भी नया अगर इस विषय पर काम शुरू करना चाहे वो डेयरी की तरफ बढ़े गौशाला की तरफ बढ़े या वो ब्रीडिंग की तरफ बढ़े डॉ ब पहले,और तीसरा मुद्दा रहेगा कि कोई भी नया अगर इस विषय पर काम शुरू करना चाहे वो डेयरी की तरफ बढ़े गौशाला की तरफ बढ़े या वो ब्रीडिंग की तरफ बढ़े डॉब पहले
र,र,शून्य राष्ट्रीय मंत्री राष्ट्रीय मंत्री
जीवन पद्धति में ऑडिट बोलता सिर्फ सीएक ऑर्डिट,जीवन पद्धति में ऑडिट बोलता सिर्फ सीएक ऑर्डिट,जीवन पद्धति में ऑडिट बोलता सिर्फ सीएक ऑर्डिट
कॉरपोरेट सेक्टर में हर मंत्री भी होता है,कॉरपोरेट सेक्टर में हर मंत्री भी होता है,कॉरपोरेट सेक्टर में हर मंत्री भी होता है
दस लीटर दूध अगर रोज का है,दस लीटर दूध अगर रोज का है,दस लीटर दूध अगर रोज का है
मेरा जो प्रोसेट रिपोर्ट रहता है,मेरा जो प्रोसेट रिपोर्ट रहता है,मेरा जो प्रोसेट रिपोर्ट रहता है
वो पाँच बार बदलता है,वो पाँच बार बदलता है,वो पांच बार बदलता है
तो मैं उनका पूछता हूँ मैं जब नाइनी फोर में वेटर में सीख रहा ता गाइनेकॉलॉजी तब उस टाइम,तो मैं उनका पूछता हूँ मैं जब नाइनी फोर में वेटर में सीख रहा ता गाइनेकॉलॉजी तब उस टाइम,तो मैं उनका पूछता हूं मैं जब नाइनी फोर में वेटर में सीख रहा ता गाइनेकॉलॉजी तब उस टाइम
आप,आप,आप
मेहनत लगती पेशंस लगता इन्वेस्टमेंट लगता है,मेहनत लगती पेशंस लगता इन्वेस्टमेंट लगता है,मेहनत लगती पेशंस लगता इन्वेस्टमेंट लगता है
बहुत जरूरी बात है,बहुत जरूरी बात है,बहुत जरूरी बात है
जिसका हम बोल सकते हैं कि ड्राई इन्वार्मेंट में ही ज्यादा वो फ्लाबर ोपन है,जिसका हम बोल सकते हैं कि ड्राई इन्वार्मेंट में ही ज्यादा वो फ्लाबर ोपन है,जिसका हम बोल सकते हैं कि ड्राई इन्वार्मेंट में ही ज्यादा वो फ्लाबरोपन है
उसकी फ्लावरिंग स्टे जा है,उसकी फ्लावरिंग स्टे जा है,उसकी फ्लावरिंग स्टे जा है
के बीटी के ऊपर खुद का है,के बीटी के ऊपर खुद का है,के बीटी के ऊपर खुद का है
इसमेंक्योंकि वाटर मैनेजमेंट ऐसा है के अगर शुरूआत में आपने वाटर मैनेजमेंट में थोड़ा सा भी गलत काम है,इसमेंक्योंकि वाटर मैनेजमेंट ऐसा है के अगर शुरूआत में आपने वाटर मैनेजमेंट में थोड़ा सा भी गलत काम है,इसमें क्योंकि वाटर मैनेजमेंट ऐसा है के अगर शुरूआत में आपने वाटर मैनेजमेंट में थोड़ा सा भी गलत काम है
प्लांट की म्यूनिटी भी दोनों कॉम्पोनेंट से है,प्लांट की म्यूनिटी भी दोनों कॉम्पोनेंट से है,प्लांट की म्यूनिटी भी दोनों कॉम्पोनेंट से है
हमैकइसमें पॉइंट आपका ै,हमैकइसमें पॉइंट आपका ै,हमैक इसमें पॉइंट आपका है
और आप जहां तीन सपरे आपके सकिंग पेस्ट के होने या थ्रिप्स का है,और आप जहां तीन सपरे आपके सकिंग पेस्ट के होने या थ्रिप्स का है,और आप जहां तीन सपरे आपके सकिंग पेस्ट के होने या थ्रिप्स का है
इसका पानी की मात्रा बढ़ने से इसके साथ ये चिपक गया इसको हवा सेये,इसका पानी की मात्रा बढ़ने से इसके साथ ये चिपक गया इसको हवा सेये,इसका पानी की मात्रा बढ़ने से इसके साथ यह चिपक गया इसको हवा से है
इतना हमको चाहिए तो जो रै,इतना हमको चाहिए तो जो रै,इतना हम को चाहिए तो जो रहे
जो छुगाई करने वाला है,जो छुगाई करने वाला है,जो छुगाई करने वाला है
फेमिली आपका पोटैटो बलॉन करता है,फेमिली आपका पोटैटो बलॉन करता है,फेमिली आपका पोटैटो बलॉन करता है
ये हो या और भी जैसे हमारी तचा रू की सूखी बनी है,ये हो या और भी जैसे हमारी तचा रू की सूखी बनी है,ये हो या और भी जैसे हमारी तचारू की सूखी बनी है
और कौरव पांडव की सेनाएं आमने सामने हैं,और कौरव पांडव की सेनाएं आमने सामने हैं,और कौरव पांडव की सेनाएं आमने सामने हैं
और युद्ध के आगाज के बाद,और युद्ध के आगाज के बाद,और युद्ध के आगाज के बाद
और ये धर्म युद्ध तो हो के रहेगा,और ये धर्म युद्ध तो हो के रहेगा,और ये धर्मयुद्ध तो हो कर रहेगा
इन पर बाढ चलाई ये गीता का स्लोक है मैं जो आपको बताने जा रहा हूँ किस पृथ्वी पर,इन पर बाढ चलाई ये गीता का स्लोक है मैं जो आपको बताने जा रहा हूँ किस पृथ्वी पर,इन पर बाढ़ चलाई ये गीता का स्लोक है मैं जो आपको बताने जा रहा हूं किस पृथ्वी पर
इस विषय को ध्यान करिया और उस परमात्मा ने मनुष्य को धरती पर अवतरित इसलिए किया है,इस विषय को ध्यान करिया और उस परमात्मा ने मनुष्य को धरती पर अवतरित इसलिए किया है,इस विषय को ध्यान करिया और उस परमात्मा ने मनुष्य को धरती पर अवतरित इसलिए किया है
उस बगिया की देखरेख करता है,उस बगिया की देखरेख करता है,उस बगिया की देखरेख करता है
सामंजस्य को बना करके रखना है,सामंजस्य को बना करके रखना है,सामंजस्य को बना करके रखना है
अपने निजी स्वार्थों की पूर्ति के लिए,अपने निजी स्वार्थों की पूर्ति के लिए,अपने निजी स्वार्थों की पूर्ति के लिए
और वो परमात्मा फिर एक बार,और वो परमात्मा फिर एक बार,और वो परमात्मा फिर एक बार
क्या मैं स्वयं,क्या मैं स्वयं,क्या मैं स्वयं
जो मुझे होना चाहिए,जो मुझे होना चाहिए,जो मुझे होना चाहिए
कनहीं इस संसार में,कनहीं इस संसार में,कनहीं इस संसार में
विषय का विषय का विषय बनाते चले जा रहे लोग लेकिन दो विषय अगर नहीं समझते,विषय का विषय का विषय बनाते चले जा रहे लोग लेकिन दो विषय अगर नहीं समझते,विषय का विषय बनाते चले जा रहे लोग लेकिन दो विषय अगर नहीं समझते
स्कूल कॉलेज विश्वविद्यालय,स्कूल कॉलेज विश्वविद्यालय,स्कूल कॉलेज विश्वविद्यालय
दर्शन मतलब है,दर्शन मतलब है,दर्शन मतलब एक हज़ार नौ सौ पचास है
वो विषय है,वो विषय है,वो विषय है
जो अतारी व्यक्ति होता है,जो अतारी व्यक्ति होता है,जो अतारी व्यक्ति होता है
राम चाहेते तो अयोध्या के राजा बने रह सकते थे,राम चाहेते तो अयोध्या के राजा बने रह सकते थे,राम चाहेते तो अयोध्या के राजा बने रह सकते थे
राजनीति में लड़ाइयां हैं उसी प्रकार,राजनीति में लड़ाइयां हैं उसी प्रकार,राजनीति में लड़ाइयां हैं उसी प्रकार
मंदिर जाया करो मंदिर में लोग बुलाते हैं,मंदिर जाया करो मंदिर में लोग बुलाते हैं,मंदिर जाया करो मंदिर में लोग बुलाते हैं
कि मेरे मंदिर में आया करो,कि मेरे मंदिर में आया करो,कि मेरे मंदिर में आया करो
अगर किसी मंदिर की मान्यता है,अगर किसी मंदिर की मान्यता है,अगर किसी मंदिर की मान्यता है
जीव आखिर क्यों है,जीव आखिर क्यों है,जीव आखिर क्यों है
भाव के बारे में रामायण में एक चौपाई है,भाव के बारे में रामायण में एक चौपाई है,भाव के बारे में रामायण में एक चौपाई है
एक ही चीज है,एक ही चीज है,एक ही चीज है
तो मंदिर का मतलब है,तो मंदिर का मतलब है,तो मंदिर का मतलब है
परीक्षा दे करके पास हो जाता है,परीक्षा दे करके पास हो जाता है,परीक्षा दे करके पास हो जाता है
जल चेतन जगत की इकाइयां है,जल चेतन जगत की इकाइयां है,जल चेतन जगत की इकाइयां हैं
कि मनुष्य के जीवन में दुख निरंतर बढ़ते जाएंगे मनुष्य के जीवन से खुशियां समाप्त होती चली जाएंगी,कि मनुष्य के जीवन में दुख निरंतर बढ़ते जाएंगे मनुष्य के जीवन से खुशियां समाप्त होती चली जाएंगी,कि मनुष्य के जीवन में दुख निरंतर बढ़ते जाएंगे मनुष्य के जीवन से खुशियां समाप्त होती चली जाएंगी
उन्होंने तो अपनी धरती माता को,उन्होंने तो अपनी धरती माता को,उन्होंने तो अपनी धरती माता को
सेम टू सेम कहानी मां भी भईया,सेम टू सेम कहानी मां भी भईया,सेम टू सेम कहानी मां भी भईया
और जो आधुनिक कृषि विज्ञान है उसके पास कौन सा समाधान है,और जो आधुनिक कृषि विज्ञान है उसके पास कौन सा समाधान है,और जो आधुनिक कृषि विज्ञान है उसके पास कौन सा समाधान है
लाखों करोड़ रुपये के मूल्य के,लाखों करोड़ रुपये के मूल्य के,लाखों करोड़ रुपये के मूल्य के
किसी कीत को मार पाए क्या,किसी कीत को मार पाए क्या,किसी कीत को मार पाए क्या
तो जब किसान उत्पादन बढ़ाता है तो क्या करता है,तो जब किसान उत्पादन बढ़ाता है तो क्या करता है,तो जब किसान उत्पादन बढ़ाता है तो क्या करता है
और ये निजी स्वार् के चक्कर में,और ये निजी स्वार् के चक्कर में,और ये निजी स्वार के चक्कर में
लिए लेयरअब आप कल्पना करिए,लिए लेयरअब आप कल्पना करिए,लेयर अब आप कल्पना करिए
ब्रह्म कितनी सरल सी कहानी है,ब्रह्म कितनी सरल सी कहानी है,ब्रह्म कितनी सरल सी कहानी है
समुद्र से पानी इवह प्रेट होकरके कहां इकट्ठा होता है,समुद्र से पानी इवह प्रेट होकरके कहां इकट्ठा होता है,समुद्र से पानी इवह प्रेट होकर के कहां इकट्ठा होता है
ये कोई छोटी चीज है,ये कोई छोटी चीज है,यह कोई छोटी चीज है
वो समाधान सब प्रकृति के पास है जंगल के पास है,वो समाधान सब प्रकृति के पास है जंगल के पास है,वो समाधान सब प्रकृति के पास है जंगल के पास है
दूसरे मॉड्यूल के अंदर हम आपको बताएंगे कि आखिर ऑर्गेनिक एग्रीकल्चर की जब हम बात करते हैं तो आखिर ऑर्गेनिक फार्मिंग है क्या,दूसरे मॉड्यूल के अंदर हम आपको बताएंगे कि आखिर ऑर्गेनिक एग्रीकल्चर की जब हम बात करते हैं तो आखिर ऑर्गेनिक फार्मिंग है क्या,दूसरे मॉड्यूल के अंदर हम आपको बताएंगे कि आखिर ऑर्गेनिक एग्रीकल्चर की जब हम बात करते हैं तो आखिर ऑर्गेनिक फार्मिंग है क्या
वो रहता है कि जमीन कितनी मजबूत है और हमारा नौवा मॉड्यूल पूरा का पूरा न्यूट्रियंट मैनेजमेंट पे रहेगा,वो रहता है कि जमीन कितनी मजबूत है और हमारा नौवा मॉड्यूल पूरा का पूरा न्यूट्रियंट मैनेजमेंट पे रहेगा,वो रहता है कि जमीन कितनी मजबूत है और हमारा नौवा मॉड्यूल पूरा का पूरा न्यूट्रियंट मैनेजमेंट पे रहेगा
एक बिगा एक एकड़ विनी ती मेरे पास ै,एक बिगा एक एकड़ विनी ती मेरे पास ै,एक बिगा एक एकड़ विनि ती मेरे पास है
मैं ये कहना चाहूंगा,मैं ये कहना चाहूंगा,मैं ये कहना चाहूंगा
वो माता ही किस कार की,वो माता ही किस कार की,वो माता ही किस कार की
जिसमें,जिसमें,जिसमें
ये आपकी कोकोनट की वेराइटीज हैं तो यू हैव टू रिमेंबरट ये आपका कोकोनाट का पौधा होता ह इस तरीके से लगता है,ये आपकी कोकोनट की वेराइटीज हैं तो यू हैव टू रिमेंबरट ये आपका कोकोनाट का पौधा होता ह इस तरीके से लगता है,ये आपकी कोकोनट की वेराइटीज हैं तो यू हैव टू रिमेंबर्ट ये आपका कोकोनाट का पौधा होता है इस तरीके से लगता है
इसके बाद आता है एपल स्केब ये भी एक बहुत ही बेकार् डिजीज होती है जो आपकी एपपल में देखने को मिलता है,इसके बाद आता है एपल स्केब ये भी एक बहुत ही बेकार् डिजीज होती है जो आपकी एपपल में देखने को मिलता है,इसके बाद आता है एपल स्केब ये भी एक बहुत ही बेकार्ड डिजीज होती है जो आपकी एपपल में देखने को मिलता है
इसमें थोड़ा सा कम समझ में आया तो आप फिर से जाइए दो क्रॉप मैंने पढ़ाई है,इसमें थोड़ा सा कम समझ में आया तो आप फिर से जाइए दो क्रॉप मैंने पढ़ाई है,इसमें थोड़ा सा कम समझ में आया तो आप फिर से जाइए दो क्रॉप मैंने पढ़ाई है
अगर देश का अनदाता किसान कर्जदार है,अगर देश का अनदाता किसान कर्जदार है,अगर देश का अनदाता किसान कर्जदार है
तुमको तीन चीजों की तलाश करनी है,तुमको तीन चीजों की तलाश करनी है,तुमको तीन चीजों की तलाश करनी है
धर्म का अगर ज्ञान होता,धर्म का अगर ज्ञान होता,धर्म का अगर ज्ञान होता
यही खेती है,यही खेती है,यही खेती है
संस्कृति संस्कार,संस्कृति संस्कार,संस्कृति संस्कार
उसके पहले पचास कुंटल वाली हुई थी तो पचास कुंटल हुआ था क्या,उसके पहले पचास कुंटल वाली हुई थी तो पचास कुंटल हुआ था क्या,उसके पहले पचास कुंटल वाली हुई थी तो पचास कुंटल हुआ था क्या
चकबंदी के नाम पर तुम्हारे तीन जगह जगहै वो एक जगह कर देंगे,चकबंदी के नाम पर तुम्हारे तीन जगह जगहै वो एक जगह कर देंगे,चकबंदी के नाम पर तुम्हारे तीन जगहजगह वो एक जगह कर देंगे
इसके अलावाा बताओ मित्रचरा कायदे से सोचना,इसके अलावाा बताओ मित्रचरा कायदे से सोचना,इसके अलावा बताओ मित्रचरा कायदे से सोचना
वायु दिन में इक्कीस हजार बार स्वांस लेते हैं अगनी सूरज की रोशनी का कारोबार सारा कारोबार सूरज की रोशनी से चल रहा है पानी की बदौलत कुछो पानी जिंदगानी है सब्चीए कहानी है,वायु दिन में इक्कीस हजार बार स्वांस लेते हैं अगनी सूरज की रोशनी का कारोबार सारा कारोबार सूरज की रोशनी से चल रहा है पानी की बदौलत कुछो पानी जिंदगानी है सब्चीए कहानी है,वायु दिन में इक्कीस हजार बार स्वांस लेते हैं अगनी सूरज की रोशनी का कारोबार सारा कारोबार सूरज की रोशनी से चल रहा है पानी की बदौलत कुछो पानी जिंदगानी है सब्ची कहानी है
और येहै मनुष,और येहै मनुष,और ये है मनुष
और,और,और
अच्छा आपने जिमी कंद की खेती किसी को देख कर के स्टार्ट की थी या कहीं से प्रशिक्षण आपको प्राप्त हुआ था,अच्छा आपने जिमी कंद की खेती किसी को देख कर के स्टार्ट की थी या कहीं से प्रशिक्षण आपको प्राप्त हुआ था,अच्छा आपने जिमी कंद की खेती किसी को देखकर के स्टार्ट की थी या कहीं से प्रशिक्षण आपको प्राप्त हुआ था
ये जो गजंद्रा प्रजात का जीमीकंद है,ये जो गजंद्रा प्रजात का जीमीकंद है,ये जो गजंद्रा प्रजात का जीमीकंद है
तो बीज को उपचारित कैसे करेंगे,तो बीज को उपचारित कैसे करेंगे,तो बीज को उपचारित कैसे करेंगे
,,
जो है,जो है,जो है
अच्ा अच्छा भई आप गाय खेत में जे बताक में बनने की पत्ती का बोध खेत में डाल दीजिए और सुबह देखिे जागर उसमें नी कहां से दी औरइ हवा में पैसठ पर्सेट नमी है त यानी आज छादनजोमलचिं है,अच्ा अच्छा भई आप गाय खेत में जे बताक में बनने की पत्ती का बोध खेत में डाल दीजिए और सुबह देखिे जागर उसमें नी कहां से दी औरइ हवा में पैसठ पर्सेट नमी है त यानी आज छादनजोमलचिं है,अच्छा अच्छा भई आप गाय खेत में जे बताक में बनने की पत्ती का बोध खेत में डाल दीजिये और सुबह देखिये जागर उसमें नई कहां से दी और इस हवा में पैंसठ पर्सेट नमी है तथा यानि आज छादन जो मल्ची है
आपने बो दिया उसमें एक कल्ला निकला फिर उस कल्ले को जिसने तोड़ दिया ा,आपने बो दिया उसमें एक कल्ला निकला फिर उस कल्ले को जिसने तोड़ दिया ा,आपने बो दिया उसमें एक कल्ला निकला फिर उस कल्ले को जिसने तोड़ दिया
किसान भाई और नमस्कार,किसान भाई और नमस्कार,किसान भाई और नमस्कार
भारतीय संस्कृति में,भारतीय संस्कृति में,भारतीय संस्कृति में
हम सभी लोग गाय को मां का दर्जा देते आए,हम सभी लोग गाय को मां का दर्जा देते आए,हम सभी लोग गाय को मां का दर्जा देते आए
आज वो भी बड़ेबड़े शहरों में रोजी रोटी के लिए भटक रहे बहुत सारे किसान,आज वो भी बड़ेबड़े शहरों में रोजी रोटी के लिए भटक रहे बहुत सारे किसान,आज वो भी बड़ेबड़े शहरों में रोजीरोटी के लिए भटक रहे बहुत सारे किसान
बढ़ाने की बात करती है कि किसानों की आय को कैसे दो गुना किया जाए,बढ़ाने की बात करती है कि किसानों की आय को कैसे दो गुना किया जाए,बढ़ाने की बात करती है कि किसानों की आय को कैसे दो गुना किया जाए
उनका नाम भी आपने सुना होगा जो जीरो बजट खेती की बात कहते हैं और गवाधारित खेती की बात करते हैं कि,उनका नाम भी आपने सुना होगा जो जीरो बजट खेती की बात कहते हैं और गवाधारित खेती की बात करते हैं कि,उनका नाम भी आपने सुना होगा जो जीरो बजट खेती की बात कहते हैं और गवाधारित खेती की बात करते हैं कि
वो आम व्यक्ति,वो आम व्यक्ति,वो आम व्यक्ति है
वीडियो में मैंने पहले बताया था कि आज इस देश का,वीडियो में मैंने पहले बताया था कि आज इस देश का,वीडियो में मैंने पहले बताया था कि आज इस देश का
किसान के बेटे हैं,किसान के बेटे हैं,किसान के बेटे हैं
वो एक जोड़ी बैल रखता था,वो एक जोड़ी बैल रखता था,वो एक जोड़ी बैल रखता था
अपने उसके निजी बैल थे और जोकि तीन एकड़ जमीन थी तो वो किसान अपनी खेती स्वयं कर लेता था यानि बैलों से खेतों की जुताई बुआई का काम सरा स्वयं कर लेता था,अपने उसके निजी बैल थे और जोकि तीन एकड़ जमीन थी तो वो किसान अपनी खेती स्वयं कर लेता था यानि बैलों से खेतों की जुताई बुआई का काम सरा स्वयं कर लेता था,अपने उसके निजी बैल थे और जो कि तीन एकड़ जमीन थी तो वो किसान अपनी खेती स्वयं कर लेता था यानि बैलों से खेतों की जुताईबुआई का काम सरा स्वयं कर लेता था
जिसकी कोई रोजी रोटी नहीं थी,जिसकी कोई रोजी रोटी नहीं थी,जिसकी कोई रोजी रोटी नहीं थी
बड़े किसान का खेद जोतना फसलों की बुआई करना फसलों की निकाई गुलाई करना,बड़े किसान का खेद जोतना फसलों की बुआई करना फसलों की निकाई गुलाई करना,बड़े किसान का खेद जोतना फसलों की बुआई करना फसलों की निकाई गुलाई करना
तो गांव में कहीं भी किसी को खाने की समस्या नहीं थी,तो गांव में कहीं भी किसी को खाने की समस्या नहीं थी,तो गांव में कहीं भी किसी को खाने की समस्या नहीं थी
और उसने अपनी खेती टरैक्टर से प्रारंभ की गांव के दस लोगों की और खेती टैक्टर से प्रारंभ हो गई,और उसने अपनी खेती टरैक्टर से प्रारंभ की गांव के दस लोगों की और खेती टैक्टर से प्रारंभ हो गई,और उसने अपनी खेती टैक्टर से प्रारंभ की गांव के दस लोगों की और खेती टैक्टर से प्रारंभ हो गई
आज की तारीख में हरगांव में दस परसेंट लोगों के पास टेक्टर है,आज की तारीख में हरगांव में दस परसेंट लोगों के पास टेक्टर है,आज की तारीख में हरगांव में दस परसेंट लोगों के पास टेक्टर है
एक हिंदुस्तान के जो ग्रामीण सेक्टर का जो टैक्टर का जो आंकड़ा है वो लगभग लगभग नौ दस परसेंट लोों के पास सआत टैक्टर है नब्बे परसेंट लोगों के पास टरैक्टर बिल्कुल नहीं है और उनके पास बैल भी नहीं है,एक हिंदुस्तान के जो ग्रामीण सेक्टर का जो टैक्टर का जो आंकड़ा है वो लगभग लगभग नौ दस परसेंट लोों के पास सआत टैक्टर है नब्बे परसेंट लोगों के पास टरैक्टर बिल्कुल नहीं है और उनके पास बैल भी नहीं है,एक हिन्दुस्तान के जो ग्रामीण सेक्टर का जो टैक्टर का जो आंकड़ा है वो लगभग लगभग नौ दस परसेंटलों के पास सात टैक्टर है नब्बे परसेंट लोगों के पास टैक्टर बिल्कुल नहीं है और उनके पास बैल भी नहीं है
पिछले पच्चीस साल का डाटा उठा लीजिए,पिछले पच्चीस साल का डाटा उठा लीजिए,पिछले पच्चीस साल का डाटा उठा लीजिए
जिनके पास ट्ैक्टर है उन किसानों ने भी आत्महत्या नहीं की,जिनके पास ट्ैक्टर है उन किसानों ने भी आत्महत्या नहीं की,जिनके पास टैक्टर है उन किसानों ने भी आत्महत्या नहीं की
बहुत बड़ा स्तंभ है,बहुत बड़ा स्तंभ है,बहुत बड़ा स्तंभ है
ईश्वर हमको भी छोड़ देगा,ईश्वर हमको भी छोड़ देगा,ईश्वर हम को भी छोड़ देगा
पूरे,पूरे,पूरे
उत्पादन बढ़ाने से आय घटती है बढ़ती नहीं है,उत्पादन बढ़ाने से आय घटती है बढ़ती नहीं है,उत्पादन बढ़ाने से आय घटती है बढ़ती नहीं है
क्योंकि इन फसलों की अंतर्गत एरिया बहुत ज्यादा है उत्पादन बहुत ज्यादा है,क्योंकि इन फसलों की अंतर्गत एरिया बहुत ज्यादा है उत्पादन बहुत ज्यादा है,क्योंकि इन फसलों की अंतर्गत एरिया बहुत ज्यादा है उत्पादन बहुत ज्यादा है
का संरक्षण करके,का संरक्षण करके,का संरक्षण करके
बैल बना लेते थे और खेती की जुताई का काम करते थे,बैल बना लेते थे और खेती की जुताई का काम करते थे,बैल बना लेते थे और खेती की जुताई का काम करते थे
आज चूकि हम बैल से खेती नहीं करते इसलिए गाय के जो नर हैं,आज चूकि हम बैल से खेती नहीं करते इसलिए गाय के जो नर हैं,आज चूकि हम बैल से खेती नहीं करते इसलिए गाय के जो नर हैं
जो मेल हैं,जो मेल हैं,जो मेल हैं
हम मादा को या नर को खत्म करेंगे,हम मादा को या नर को खत्म करेंगे,हम मादा को या नर को खत्म करेंगे
और पशुओं के मलमूत्र से गोबर मिलता था और गोबर सड़ता था और वो खेतों में उपयोग होता था,और पशुओं के मलमूत्र से गोबर मिलता था और गोबर सड़ता था और वो खेतों में उपयोग होता था,और पशुओं के मलमूत्र से गोबर मिलता था और गोबर सड़ता था और वो खेतों में उपयोग होता था
कई लोग ये दलील देते हैं,कई लोग ये दलील देते हैं,कई लोग ये दलील देते हैं
मुझे बड़ी हसी आती,मुझे बड़ी हसी आती,मुझे बड़ी हसी आती
किसान बहुत कम ह आबादी बहत कम है हमारे देश में तो देखिए दो चीजें है जो गांव के बीस परसेंट भूमिहीन परिवार,किसान बहुत कम ह आबादी बहत कम है हमारे देश में तो देखिए दो चीजें है जो गांव के बीस परसेंट भूमिहीन परिवार,किसान बहुत कम आबादी बहतकम है हमारे देश में तो देखिए दो चीजें है जो गांव के बीस परसेंट भूमिहीन परिवार
इस देश में पिछले पच्चीस सालों में एक भी डाटा नहीं है कि जिस किसान के पास बैल से खेती कर्ता और उसने आत्महत्या की और जो आत्महत्या करने वाले लोग हैं,इस देश में पिछले पच्चीस सालों में एक भी डाटा नहीं है कि जिस किसान के पास बैल से खेती कर्ता और उसने आत्महत्या की और जो आत्महत्या करने वाले लोग हैं,इस देश में पिछले पच्चीस सालों में एक भी डाटा नहीं है कि जिस किसान के पास बैल से खेतीकर्ता और उसने आत्महत्या की और जो आत्महत्या करने वाले लोग हैं
किराई के ट्रैक्टर से खेती कराता है,किराई के ट्रैक्टर से खेती कराता है,किराई के ट्रैक्टर से खेती कराता है
फसलों में इंसेक्ट का कारण है,फसलों में इंसेक्ट का कारण है,फसलों में इंसेक्ट का कारण एक हज़ार नौ सौ पचास है
पक्षियों का नष्ट हो जाना,पक्षियों का नष्ट हो जाना,पक्षियों का नष्ट हो जाना है
किसान से थोड़ी सी भी हम दर्दी है,किसान से थोड़ी सी भी हम दर्दी है,किसान से थोड़ी सी भी हम दर्दी है
वो इन विषयों पर थोड़ा ्आत्मसाथ करें आत्मचिंतन करें,वो इन विषयों पर थोड़ा ्आत्मसाथ करें आत्मचिंतन करें,वो इन विषयों पर थोड़ा आत्मसाथ करें आत्मचिंतन करें
विषय वहां तक जाता है,विषय वहां तक जाता है,विषय वहां तक जाता है
जो परंपरागत खेती है जिसको आप प्रमोट करना चाहते हैं,जो परंपरागत खेती है जिसको आप प्रमोट करना चाहते हैं,जो परंपरागत खेती है जिसको आप प्रमोट करना चाहते हैं
तो दो चीजों को सुनिश्चित करना पड़ेगा कि मैकेनाइज पर माैकेनाइज खेती पर कोई अनुदान नहीं रसायनिक उर्बरकों पर कोई अनुदान नहीं,तो दो चीजों को सुनिश्चित करना पड़ेगा कि मैकेनाइज पर माैकेनाइज खेती पर कोई अनुदान नहीं रसायनिक उर्बरकों पर कोई अनुदान नहीं,तो दो चीजों को सुनिश्चित करना पड़ेगा कि मैकेनाइज पर मैकेनाइज खेती पर कोई अनुदान नहीं रसायनिक उर्बरकों पर कोई अनुदान नहीं
